timestamp,sensor_id,label,voltage_V,current_uA,valid
2026-08-03T00:00:08Z,1,DUT-A1,6.9482,180.16,1
2026-08-03T00:00:08Z,2,DUT-A2,6.9492,617.45,1
2026-08-03T00:00:08Z,3,DUT-A3,6.5046,160.17,1
2026-08-03T00:00:08Z,4,DUT-A4,6.5034,154.04,1
2026-08-03T00:00:08Z,5,DUT-A5,6.9764,179.55,1
2026-08-03T00:00:08Z,6,DUT-A6,6.9925,130.57,1
2026-08-03T00:00:08Z,7,DUT-A7,7.0008,136.19,1
2026-08-03T00:00:08Z,8,DUT-A8,6.9967,387.07,1
2026-08-03T00:00:26Z,1,DUT-A1,6.9474,799.82,1
2026-08-03T00:00:26Z,2,DUT-A2,6.9499,116.35,1
2026-08-03T00:00:26Z,3,DUT-A3,6.504,1442.26,1
2026-08-03T00:00:26Z,4,DUT-A4,6.5032,167.44,1
2026-08-03T00:00:26Z,5,DUT-A5,6.9764,138.32,1
2026-08-03T00:00:26Z,6,DUT-A6,6.9925,161.92,1
2026-08-03T00:00:26Z,7,DUT-A7,7.0008,129.62,1
2026-08-03T00:00:26Z,8,DUT-A8,6.9968,126.98,1
2026-08-03T00:00:41Z,1,DUT-A1,6.9485,209.89,1
2026-08-03T00:00:41Z,2,DUT-A2,6.9501,142.77,1
2026-08-03T00:00:41Z,3,DUT-A3,6.5044,130.34,1
2026-08-03T00:00:41Z,4,DUT-A4,6.5035,160.01,1
2026-08-03T00:00:41Z,5,DUT-A5,6.9763,162.43,1
2026-08-03T00:00:41Z,6,DUT-A6,6.9926,138.14,1
2026-08-03T00:00:41Z,7,DUT-A7,7.0008,141.2,1
2026-08-03T00:00:41Z,8,DUT-A8,6.9965,128.71,1
2026-08-03T00:00:55Z,1,DUT-A1,6.9485,189.34,1
2026-08-03T00:00:55Z,2,DUT-A2,6.9499,112.61,1
2026-08-03T00:00:55Z,3,DUT-A3,6.5045,153.68,1
2026-08-03T00:00:55Z,4,DUT-A4,6.5035,161.77,1
2026-08-03T00:00:55Z,5,DUT-A5,6.9761,398.94,1
2026-08-03T00:00:55Z,6,DUT-A6,6.9923,108.39,1
2026-08-03T00:00:55Z,7,DUT-A7,7.0011,162.15,1
2026-08-03T00:00:55Z,8,DUT-A8,6.9969,131.99,1
2026-08-03T00:01:09Z,1,DUT-A1,6.9482,191.02,1
2026-08-03T00:01:09Z,2,DUT-A2,6.9492,793.15,1
2026-08-03T00:01:09Z,3,DUT-A3,6.5045,153.28,1
2026-08-03T00:01:09Z,4,DUT-A4,6.5035,161.62,1
2026-08-03T00:01:09Z,5,DUT-A5,6.9762,173.16,1
2026-08-03T00:01:09Z,6,DUT-A6,6.9925,150.63,1
2026-08-03T00:01:09Z,7,DUT-A7,7.001,136.03,1
2026-08-03T00:01:09Z,8,DUT-A8,6.9968,123.5,1
2026-08-03T00:01:23Z,1,DUT-A1,6.9485,222.07,1
2026-08-03T00:01:23Z,2,DUT-A2,6.9495,666.71,1
2026-08-03T00:01:23Z,3,DUT-A3,6.5044,139.59,1
2026-08-03T00:01:23Z,4,DUT-A4,6.5034,174.94,1
2026-08-03T00:01:23Z,5,DUT-A5,6.9759,533.75,1
2026-08-03T00:01:23Z,6,DUT-A6,6.9925,149.08,1
2026-08-03T00:01:23Z,7,DUT-A7,7.0009,127.13,1
2026-08-03T00:01:23Z,8,DUT-A8,6.9968,139.85,1
2026-08-03T00:01:36Z,1,DUT-A1,6.9486,183.21,1
2026-08-03T00:01:36Z,2,DUT-A2,6.9498,132.8,1
2026-08-03T00:01:36Z,3,DUT-A3,6.5046,169.27,1
2026-08-03T00:01:36Z,4,DUT-A4,6.5032,171.81,1
2026-08-03T00:01:36Z,5,DUT-A5,6.9757,876.9,1
2026-08-03T00:01:36Z,6,DUT-A6,6.9924,118.21,1
2026-08-03T00:01:36Z,7,DUT-A7,7.0008,120.01,1
2026-08-03T00:01:36Z,8,DUT-A8,6.9969,158.31,1
2026-08-03T00:01:50Z,1,DUT-A1,6.9484,191.17,1
2026-08-03T00:01:50Z,2,DUT-A2,6.9487,859.76,1
2026-08-03T00:01:50Z,3,DUT-A3,6.5042,139.54,1
2026-08-03T00:01:50Z,4,DUT-A4,6.5036,168.92,1
2026-08-03T00:01:50Z,5,DUT-A5,6.9765,173.47,1
2026-08-03T00:01:50Z,6,DUT-A6,6.9921,803.99,1
2026-08-03T00:01:50Z,7,DUT-A7,7.0008,180.18,1
2026-08-03T00:01:50Z,8,DUT-A8,6.9968,97.81,1
2026-08-03T00:02:04Z,1,DUT-A1,6.9473,917.05,1
2026-08-03T00:02:04Z,2,DUT-A2,6.9501,144.73,1
2026-08-03T00:02:04Z,3,DUT-A3,6.504,915.91,1
2026-08-03T00:02:04Z,4,DUT-A4,6.5033,176.67,1
2026-08-03T00:02:04Z,5,DUT-A5,6.9763,147.38,1
2026-08-03T00:02:04Z,6,DUT-A6,6.9925,137.66,1
2026-08-03T00:02:04Z,7,DUT-A7,7.0008,127.41,1
2026-08-03T00:02:04Z,8,DUT-A8,6.9966,148.34,1
2026-08-03T00:02:18Z,1,DUT-A1,6.9484,198.39,1
2026-08-03T00:02:18Z,2,DUT-A2,6.95,132.24,1
2026-08-03T00:02:18Z,3,DUT-A3,6.5044,143.84,1
2026-08-03T00:02:18Z,4,DUT-A4,6.5033,172.73,1
2026-08-03T00:02:18Z,5,DUT-A5,6.9764,155.06,1
2026-08-03T00:02:18Z,6,DUT-A6,6.9925,152.94,1
2026-08-03T00:02:18Z,7,DUT-A7,7.0004,826.01,1
2026-08-03T00:02:18Z,8,DUT-A8,6.9968,458.63,1
2026-08-03T00:02:32Z,1,DUT-A1,6.948,181.83,1
2026-08-03T00:02:32Z,2,DUT-A2,6.95,139.52,1
2026-08-03T00:02:32Z,3,DUT-A3,6.5045,132.01,1
2026-08-03T00:02:32Z,4,DUT-A4,6.503,887.5,1
2026-08-03T00:02:32Z,5,DUT-A5,6.9764,192.74,1
2026-08-03T00:02:32Z,6,DUT-A6,6.9918,656.61,1
2026-08-03T00:02:32Z,7,DUT-A7,7.0008,128.3,1
2026-08-03T00:02:32Z,8,DUT-A8,6.9966,494.23,1
2026-08-03T00:02:46Z,1,DUT-A1,6.948,193.0,1
2026-08-03T00:02:46Z,2,DUT-A2,6.9502,181.61,1
2026-08-03T00:02:46Z,3,DUT-A3,6.5037,995.74,1
2026-08-03T00:02:46Z,4,DUT-A4,6.5031,819.91,1
2026-08-03T00:02:46Z,5,DUT-A5,6.9765,180.92,1
2026-08-03T00:02:46Z,6,DUT-A6,6.9924,137.51,1
2026-08-03T00:02:46Z,7,DUT-A7,7.0011,146.03,1
2026-08-03T00:02:46Z,8,DUT-A8,6.9968,147.43,1
2026-08-03T00:03:00Z,1,DUT-A1,6.9482,200.3,1
2026-08-03T00:03:00Z,2,DUT-A2,6.9501,158.77,1
2026-08-03T00:03:00Z,3,DUT-A3,6.5046,113.83,1
2026-08-03T00:03:00Z,4,DUT-A4,6.5034,173.24,1
2026-08-03T00:03:00Z,5,DUT-A5,6.9765,213.01,1
2026-08-03T00:03:00Z,6,DUT-A6,6.9922,311.05,1
2026-08-03T00:03:00Z,7,DUT-A7,7.0007,130.62,1
2026-08-03T00:03:00Z,8,DUT-A8,6.9962,867.92,1
2026-08-03T00:03:17Z,1,DUT-A1,6.9484,201.39,1
2026-08-03T00:03:17Z,2,DUT-A2,6.9503,162.43,1
2026-08-03T00:03:17Z,3,DUT-A3,6.5045,162.99,1
2026-08-03T00:03:17Z,4,DUT-A4,6.5032,464.81,1
2026-08-03T00:03:17Z,5,DUT-A5,6.9763,178.02,1
2026-08-03T00:03:17Z,6,DUT-A6,6.9924,131.28,1
2026-08-03T00:03:17Z,7,DUT-A7,7.001,193.13,1
2026-08-03T00:03:17Z,8,DUT-A8,6.9969,143.36,1
2026-08-03T00:03:31Z,1,DUT-A1,6.9481,174.15,1
2026-08-03T00:03:31Z,2,DUT-A2,6.9499,135.85,1
2026-08-03T00:03:31Z,3,DUT-A3,6.5045,131.38,1
2026-08-03T00:03:31Z,4,DUT-A4,6.5032,856.45,1
2026-08-03T00:03:31Z,5,DUT-A5,6.9764,201.93,1
2026-08-03T00:03:31Z,6,DUT-A6,6.9917,876.16,1
2026-08-03T00:03:31Z,7,DUT-A7,7.0006,119.94,1
2026-08-03T00:03:31Z,8,DUT-A8,6.9969,135.19,1
2026-08-03T00:03:45Z,1,DUT-A1,6.9464,1390.56,1
2026-08-03T00:03:45Z,2,DUT-A2,6.9501,136.08,1
2026-08-03T00:03:45Z,3,DUT-A3,6.5037,1247.46,1
2026-08-03T00:03:45Z,4,DUT-A4,6.5034,159.1,1
2026-08-03T00:03:45Z,5,DUT-A5,6.9764,178.48,1
2026-08-03T00:03:45Z,6,DUT-A6,6.9926,141.22,1
2026-08-03T00:03:45Z,7,DUT-A7,7.0009,120.24,1
2026-08-03T00:03:45Z,8,DUT-A8,6.9969,127.84,1
2026-08-03T00:03:59Z,1,DUT-A1,6.948,168.58,1
2026-08-03T00:03:59Z,2,DUT-A2,6.9502,137.33,1
2026-08-03T00:03:59Z,3,DUT-A3,6.5044,135.37,1
2026-08-03T00:03:59Z,4,DUT-A4,6.5034,144.91,1
2026-08-03T00:03:59Z,5,DUT-A5,6.9763,192.11,1
2026-08-03T00:03:59Z,6,DUT-A6,6.9921,150.73,1
2026-08-03T00:03:59Z,7,DUT-A7,6.9994,1242.57,1
2026-08-03T00:03:59Z,8,DUT-A8,6.9963,788.04,1
2026-08-03T00:04:13Z,1,DUT-A1,6.948,155.36,1
2026-08-03T00:04:13Z,2,DUT-A2,6.9502,129.78,1
2026-08-03T00:04:13Z,3,DUT-A3,6.5044,128.33,1
2026-08-03T00:04:13Z,4,DUT-A4,6.5032,262.96,1
2026-08-03T00:04:13Z,5,DUT-A5,6.9766,169.63,1
2026-08-03T00:04:13Z,6,DUT-A6,6.9922,151.42,1
2026-08-03T00:04:13Z,7,DUT-A7,7.0008,133.11,1
2026-08-03T00:04:13Z,8,DUT-A8,6.9971,123.32,1
2026-08-03T00:04:27Z,1,DUT-A1,6.9475,478.97,1
2026-08-03T00:04:27Z,2,DUT-A2,6.9501,154.93,1
2026-08-03T00:04:27Z,3,DUT-A3,6.5042,154.62,1
2026-08-03T00:04:27Z,4,DUT-A4,6.5033,184.5,1
2026-08-03T00:04:27Z,5,DUT-A5,6.9764,215.51,1
2026-08-03T00:04:27Z,6,DUT-A6,6.9925,115.1,1
2026-08-03T00:04:27Z,7,DUT-A7,7.0009,128.15,1
2026-08-03T00:04:27Z,8,DUT-A8,6.997,130.21,1
2026-08-03T00:04:41Z,1,DUT-A1,6.9481,196.66,1
2026-08-03T00:04:41Z,2,DUT-A2,6.95,150.3,1
2026-08-03T00:04:41Z,3,DUT-A3,6.5043,156.94,1
2026-08-03T00:04:41Z,4,DUT-A4,6.5035,172.27,1
2026-08-03T00:04:41Z,5,DUT-A5,6.9764,166.35,1
2026-08-03T00:04:41Z,6,DUT-A6,6.9923,126.09,1
2026-08-03T00:04:41Z,7,DUT-A7,7.0007,127.28,1
2026-08-03T00:04:41Z,8,DUT-A8,6.9968,152.33,1
2026-08-03T00:04:55Z,1,DUT-A1,6.9482,198.52,1
2026-08-03T00:04:55Z,2,DUT-A2,6.9491,810.01,1
2026-08-03T00:04:55Z,3,DUT-A3,6.5041,729.37,1
2026-08-03T00:04:55Z,4,DUT-A4,6.5033,172.78,1
2026-08-03T00:04:55Z,5,DUT-A5,6.9758,1066.18,1
2026-08-03T00:04:55Z,6,DUT-A6,6.9925,181.33,1
2026-08-03T00:04:55Z,7,DUT-A7,7.0009,128.76,1
2026-08-03T00:04:55Z,8,DUT-A8,6.9969,162.51,1
2026-08-03T00:05:09Z,1,DUT-A1,6.9481,178.58,1
2026-08-03T00:05:09Z,2,DUT-A2,6.9484,1437.48,1
2026-08-03T00:05:09Z,3,DUT-A3,6.5045,143.56,1
2026-08-03T00:05:09Z,4,DUT-A4,6.5033,161.85,1
2026-08-03T00:05:09Z,5,DUT-A5,6.9764,149.08,1
2026-08-03T00:05:09Z,6,DUT-A6,6.9923,122.27,1
2026-08-03T00:05:09Z,7,DUT-A7,7.0008,140.36,1
2026-08-03T00:05:09Z,8,DUT-A8,6.9964,598.12,1
2026-08-03T00:05:23Z,1,DUT-A1,6.9483,206.73,1
2026-08-03T00:05:23Z,2,DUT-A2,6.9492,618.62,1
2026-08-03T00:05:23Z,3,DUT-A3,6.5043,126.8,1
2026-08-03T00:05:23Z,4,DUT-A4,6.5033,166.07,1
2026-08-03T00:05:23Z,5,DUT-A5,6.9758,619.23,1
2026-08-03T00:05:23Z,6,DUT-A6,6.9925,139.06,1
2026-08-03T00:05:23Z,7,DUT-A7,7.0007,170.03,1
2026-08-03T00:05:23Z,8,DUT-A8,6.9968,123.29,1
2026-08-03T00:05:37Z,1,DUT-A1,6.9481,205.54,1
2026-08-03T00:05:37Z,2,DUT-A2,6.9499,139.19,1
2026-08-03T00:05:37Z,3,DUT-A3,6.5045,134.43,1
2026-08-03T00:05:37Z,4,DUT-A4,6.5033,176.04,1
2026-08-03T00:05:37Z,5,DUT-A5,6.976,435.84,1
2026-08-03T00:05:37Z,6,DUT-A6,6.9923,98.9,1
2026-08-03T00:05:37Z,7,DUT-A7,7.0009,144.91,1
2026-08-03T00:05:37Z,8,DUT-A8,6.9966,130.41,1
2026-08-03T00:05:51Z,1,DUT-A1,6.9482,197.5,1
2026-08-03T00:05:51Z,2,DUT-A2,6.9497,134.51,1
2026-08-03T00:05:51Z,3,DUT-A3,6.5045,156.0,1
2026-08-03T00:05:51Z,4,DUT-A4,6.5032,827.48,1
2026-08-03T00:05:51Z,5,DUT-A5,6.9763,209.1,1
2026-08-03T00:05:51Z,6,DUT-A6,6.9919,788.27,1
2026-08-03T00:05:51Z,7,DUT-A7,7.0009,137.46,1
2026-08-03T00:05:51Z,8,DUT-A8,6.9967,135.91,1
2026-08-03T00:06:05Z,1,DUT-A1,6.9469,807.85,1
2026-08-03T00:06:05Z,2,DUT-A2,6.9501,128.96,1
2026-08-03T00:06:05Z,3,DUT-A3,6.5039,875.86,1
2026-08-03T00:06:05Z,4,DUT-A4,6.5034,154.22,1
2026-08-03T00:06:05Z,5,DUT-A5,6.9762,172.09,1
2026-08-03T00:06:05Z,6,DUT-A6,6.9924,116.7,1
2026-08-03T00:06:05Z,7,DUT-A7,7.0008,133.87,1
2026-08-03T00:06:05Z,8,DUT-A8,6.9967,126.57,1
2026-08-03T00:06:20Z,1,DUT-A1,6.9482,166.53,1
2026-08-03T00:06:20Z,2,DUT-A2,6.95,180.46,1
2026-08-03T00:06:20Z,3,DUT-A3,6.5044,146.33,1
2026-08-03T00:06:20Z,4,DUT-A4,6.5032,164.54,1
2026-08-03T00:06:20Z,5,DUT-A5,6.9762,160.75,1
2026-08-03T00:06:20Z,6,DUT-A6,6.9923,130.67,1
2026-08-03T00:06:20Z,7,DUT-A7,7.0004,551.25,1
2026-08-03T00:06:20Z,8,DUT-A8,6.9962,870.18,1
2026-08-03T00:06:33Z,1,DUT-A1,6.9483,185.29,1
2026-08-03T00:06:33Z,2,DUT-A2,6.9499,144.76,1
2026-08-03T00:06:33Z,3,DUT-A3,6.5042,151.24,1
2026-08-03T00:06:33Z,4,DUT-A4,6.5033,146.74,1
2026-08-03T00:06:33Z,5,DUT-A5,6.9763,145.9,1
2026-08-03T00:06:33Z,6,DUT-A6,6.9923,109.86,1
2026-08-03T00:06:33Z,7,DUT-A7,7.0008,96.44,1
2026-08-03T00:06:33Z,8,DUT-A8,6.9942,2957.0,1
2026-08-03T00:06:47Z,1,DUT-A1,6.9482,178.17,1
2026-08-03T00:06:47Z,2,DUT-A2,6.95,140.66,1
2026-08-03T00:06:47Z,3,DUT-A3,6.5044,142.49,1
2026-08-03T00:06:47Z,4,DUT-A4,6.5032,699.64,1
2026-08-03T00:06:47Z,5,DUT-A5,6.9764,187.25,1
2026-08-03T00:06:47Z,6,DUT-A6,6.9923,150.22,1
2026-08-03T00:06:47Z,7,DUT-A7,7.001,130.46,1
2026-08-03T00:06:47Z,8,DUT-A8,6.9966,136.69,1
2026-08-03T00:07:01Z,1,DUT-A1,6.9485,180.97,1
2026-08-03T00:07:01Z,2,DUT-A2,6.9501,128.05,1
2026-08-03T00:07:01Z,3,DUT-A3,6.5044,117.82,1
2026-08-03T00:07:01Z,4,DUT-A4,6.5034,169.83,1
2026-08-03T00:07:01Z,5,DUT-A5,6.9763,194.83,1
2026-08-03T00:07:01Z,6,DUT-A6,6.9923,525.51,1
2026-08-03T00:07:01Z,7,DUT-A7,7.0008,152.18,1
2026-08-03T00:07:01Z,8,DUT-A8,6.9963,132.37,1
2026-08-03T00:07:15Z,1,DUT-A1,6.9484,198.39,1
2026-08-03T00:07:15Z,2,DUT-A2,6.9499,145.59,1
2026-08-03T00:07:15Z,3,DUT-A3,6.5044,326.39,1
2026-08-03T00:07:15Z,4,DUT-A4,6.5034,199.48,1
2026-08-03T00:07:15Z,5,DUT-A5,6.9757,875.3,1
2026-08-03T00:07:15Z,6,DUT-A6,6.9924,130.36,1
2026-08-03T00:07:15Z,7,DUT-A7,7.001,130.9,1
2026-08-03T00:07:15Z,8,DUT-A8,6.9966,135.63,1
2026-08-03T00:07:29Z,1,DUT-A1,6.9481,167.52,1
2026-08-03T00:07:29Z,2,DUT-A2,6.9487,848.11,1
2026-08-03T00:07:29Z,3,DUT-A3,6.5044,119.12,1
2026-08-03T00:07:29Z,4,DUT-A4,6.5034,147.48,1
2026-08-03T00:07:29Z,5,DUT-A5,6.9764,160.29,1
2026-08-03T00:07:29Z,6,DUT-A6,6.9927,138.45,1
2026-08-03T00:07:29Z,7,DUT-A7,7.0005,461.55,1
2026-08-03T00:07:29Z,8,DUT-A8,6.9966,132.04,1
2026-08-03T00:07:43Z,1,DUT-A1,6.9483,175.2,1
2026-08-03T00:07:43Z,2,DUT-A2,6.9502,107.55,1
2026-08-03T00:07:43Z,3,DUT-A3,6.5044,134.76,1
2026-08-03T00:07:43Z,4,DUT-A4,6.5034,161.01,1
2026-08-03T00:07:43Z,5,DUT-A5,6.9761,147.12,1
2026-08-03T00:07:43Z,6,DUT-A6,6.9922,113.02,1
2026-08-03T00:07:43Z,7,DUT-A7,7.0007,112.41,1
2026-08-03T00:07:43Z,8,DUT-A8,6.9966,120.75,1
2026-08-03T00:07:57Z,1,DUT-A1,6.9479,385.9,1
2026-08-03T00:07:57Z,2,DUT-A2,6.9498,142.16,1
2026-08-03T00:07:57Z,3,DUT-A3,6.5046,128.1,1
2026-08-03T00:07:57Z,4,DUT-A4,6.5034,167.36,1
2026-08-03T00:07:57Z,5,DUT-A5,6.9763,228.15,1
2026-08-03T00:07:57Z,6,DUT-A6,6.9925,127.34,1
2026-08-03T00:07:57Z,7,DUT-A7,7.001,123.55,1
2026-08-03T00:07:57Z,8,DUT-A8,6.9968,128.45,1
2026-08-03T00:08:11Z,1,DUT-A1,6.9481,169.65,1
2026-08-03T00:08:11Z,2,DUT-A2,6.9498,139.64,1
2026-08-03T00:08:11Z,3,DUT-A3,6.5045,152.72,1
2026-08-03T00:08:11Z,4,DUT-A4,6.5031,604.22,1
2026-08-03T00:08:11Z,5,DUT-A5,6.9762,184.17,1
2026-08-03T00:08:11Z,6,DUT-A6,6.992,801.67,1
2026-08-03T00:08:11Z,7,DUT-A7,7.001,132.42,1
2026-08-03T00:08:11Z,8,DUT-A8,6.9967,159.38,1
2026-08-03T00:08:28Z,1,DUT-A1,6.9481,172.53,1
2026-08-03T00:08:28Z,2,DUT-A2,6.9501,128.3,1
2026-08-03T00:08:28Z,3,DUT-A3,6.5046,131.89,1
2026-08-03T00:08:28Z,4,DUT-A4,6.5034,199.2,1
2026-08-03T00:08:28Z,5,DUT-A5,6.9763,200.93,1
2026-08-03T00:08:28Z,6,DUT-A6,6.9926,141.78,1
2026-08-03T00:08:28Z,7,DUT-A7,7.0005,577.44,1
2026-08-03T00:08:28Z,8,DUT-A8,6.9968,129.78,1
2026-08-03T00:08:42Z,1,DUT-A1,6.9482,197.4,1
2026-08-03T00:08:42Z,2,DUT-A2,6.9502,141.76,1
2026-08-03T00:08:42Z,3,DUT-A3,6.5043,147.71,1
2026-08-03T00:08:42Z,4,DUT-A4,6.5034,198.31,1
2026-08-03T00:08:42Z,5,DUT-A5,6.9765,195.11,1
2026-08-03T00:08:42Z,6,DUT-A6,6.9917,851.59,1
2026-08-03T00:08:42Z,7,DUT-A7,7.0007,129.37,1
2026-08-03T00:08:42Z,8,DUT-A8,6.9967,127.34,1
2026-08-03T00:08:56Z,1,DUT-A1,6.9476,879.52,1
2026-08-03T00:08:56Z,2,DUT-A2,6.9501,165.2,1
2026-08-03T00:08:56Z,3,DUT-A3,6.5045,143.94,1
2026-08-03T00:08:56Z,4,DUT-A4,6.5034,164.74,1
2026-08-03T00:08:56Z,5,DUT-A5,6.9755,848.9,1
2026-08-03T00:08:56Z,6,DUT-A6,6.9919,749.89,1
2026-08-03T00:08:56Z,7,DUT-A7,7.0008,112.66,1
2026-08-03T00:08:56Z,8,DUT-A8,6.9967,116.98,1
2026-08-03T00:09:10Z,1,DUT-A1,6.9478,186.03,1
2026-08-03T00:09:10Z,2,DUT-A2,6.9489,799.1,1
2026-08-03T00:09:10Z,3,DUT-A3,6.5044,162.2,1
2026-08-03T00:09:10Z,4,DUT-A4,6.5036,201.11,1
2026-08-03T00:09:10Z,5,DUT-A5,6.9765,140.79,1
2026-08-03T00:09:10Z,6,DUT-A6,6.9921,154.93,1
2026-08-03T00:09:10Z,7,DUT-A7,7.0005,145.93,1
2026-08-03T00:09:10Z,8,DUT-A8,6.9967,119.07,1
2026-08-03T00:09:23Z,1,DUT-A1,6.9477,556.39,1
2026-08-03T00:09:23Z,2,DUT-A2,6.9497,463.36,1
2026-08-03T00:09:23Z,3,DUT-A3,6.5044,168.18,1
2026-08-03T00:09:23Z,4,DUT-A4,6.5032,179.85,1
2026-08-03T00:09:23Z,5,DUT-A5,6.9759,360.82,1
2026-08-03T00:09:23Z,6,DUT-A6,6.9924,146.36,1
2026-08-03T00:09:23Z,7,DUT-A7,7.0005,124.13,1
2026-08-03T00:09:23Z,8,DUT-A8,6.9968,131.81,1
2026-08-03T00:09:37Z,1,DUT-A1,6.9481,148.39,1
2026-08-03T00:09:37Z,2,DUT-A2,6.95,154.32,1
2026-08-03T00:09:37Z,3,DUT-A3,6.5044,153.22,1
2026-08-03T00:09:37Z,4,DUT-A4,6.5033,163.93,1
2026-08-03T00:09:37Z,5,DUT-A5,6.9763,207.44,1
2026-08-03T00:09:37Z,6,DUT-A6,6.9922,119.93,1
2026-08-03T00:09:37Z,7,DUT-A7,7.0001,433.86,1
2026-08-03T00:09:37Z,8,DUT-A8,6.9967,149.59,1
2026-08-03T00:09:51Z,1,DUT-A1,6.948,175.76,1
2026-08-03T00:09:51Z,2,DUT-A2,6.9498,118.82,1
2026-08-03T00:09:51Z,3,DUT-A3,6.5044,131.61,1
2026-08-03T00:09:51Z,4,DUT-A4,6.503,951.87,1
2026-08-03T00:09:51Z,5,DUT-A5,6.9763,196.28,1
2026-08-03T00:09:51Z,6,DUT-A6,6.9917,786.95,1
2026-08-03T00:09:51Z,7,DUT-A7,7.0004,150.66,1
2026-08-03T00:09:51Z,8,DUT-A8,6.9967,147.27,1
2026-08-03T00:10:05Z,1,DUT-A1,6.9469,894.62,1
2026-08-03T00:10:05Z,2,DUT-A2,6.95,143.69,1
2026-08-03T00:10:05Z,3,DUT-A3,6.5033,2023.11,1
2026-08-03T00:10:05Z,4,DUT-A4,6.5034,181.99,1
2026-08-03T00:10:05Z,5,DUT-A5,6.976,201.67,1
2026-08-03T00:10:05Z,6,DUT-A6,6.9922,144.86,1
2026-08-03T00:10:05Z,7,DUT-A7,7.0004,152.49,1
2026-08-03T00:10:05Z,8,DUT-A8,6.9965,125.1,1
2026-08-03T00:10:19Z,1,DUT-A1,6.9482,180.59,1
2026-08-03T00:10:19Z,2,DUT-A2,6.95,124.84,1
2026-08-03T00:10:19Z,3,DUT-A3,6.5045,160.9,1
2026-08-03T00:10:19Z,4,DUT-A4,6.5032,189.06,1
2026-08-03T00:10:19Z,5,DUT-A5,6.9759,153.43,1
2026-08-03T00:10:19Z,6,DUT-A6,6.9924,112.92,1
2026-08-03T00:10:19Z,7,DUT-A7,6.9999,867.64,1
2026-08-03T00:10:19Z,8,DUT-A8,6.9937,3636.63,1
2026-08-03T00:10:33Z,1,DUT-A1,6.9481,205.59,1
2026-08-03T00:10:33Z,2,DUT-A2,6.9498,148.98,1
2026-08-03T00:10:33Z,3,DUT-A3,6.5045,149.92,1
2026-08-03T00:10:33Z,4,DUT-A4,6.5035,166.55,1
2026-08-03T00:10:33Z,5,DUT-A5,6.9761,138.68,1
2026-08-03T00:10:33Z,6,DUT-A6,6.9923,129.5,1
2026-08-03T00:10:33Z,7,DUT-A7,7.0004,157.24,1
2026-08-03T00:10:33Z,8,DUT-A8,6.9959,326.59,1
2026-08-03T00:10:47Z,1,DUT-A1,6.9479,178.66,1
2026-08-03T00:10:47Z,2,DUT-A2,6.95,179.72,1
2026-08-03T00:10:47Z,3,DUT-A3,6.5044,127.59,1
2026-08-03T00:10:47Z,4,DUT-A4,6.503,942.08,1
2026-08-03T00:10:47Z,5,DUT-A5,6.9762,163.5,1
2026-08-03T00:10:47Z,6,DUT-A6,6.9923,114.26,1
2026-08-03T00:10:47Z,7,DUT-A7,7.0004,151.11,1
2026-08-03T00:10:47Z,8,DUT-A8,6.9961,160.09,1
2026-08-03T00:11:01Z,1,DUT-A1,6.9481,167.72,1
2026-08-03T00:11:01Z,2,DUT-A2,6.95,116.27,1
2026-08-03T00:11:01Z,3,DUT-A3,6.5044,170.14,1
2026-08-03T00:11:01Z,4,DUT-A4,6.5034,201.44,1
2026-08-03T00:11:01Z,5,DUT-A5,6.9761,193.74,1
2026-08-03T00:11:01Z,6,DUT-A6,6.9919,633.21,1
2026-08-03T00:11:01Z,7,DUT-A7,7.0005,141.73,1
2026-08-03T00:11:01Z,8,DUT-A8,6.9962,155.41,1
2026-08-03T00:11:16Z,1,DUT-A1,6.9481,169.75,1
2026-08-03T00:11:16Z,2,DUT-A2,6.9499,141.6,1
2026-08-03T00:11:16Z,3,DUT-A3,6.5042,718.69,1
2026-08-03T00:11:16Z,4,DUT-A4,6.5034,163.6,1
2026-08-03T00:11:16Z,5,DUT-A5,6.9755,893.17,1
2026-08-03T00:11:16Z,6,DUT-A6,6.9922,133.26,1
2026-08-03T00:11:16Z,7,DUT-A7,7.0005,118.97,1
2026-08-03T00:11:16Z,8,DUT-A8,6.9963,132.57,1
2026-08-03T00:11:30Z,1,DUT-A1,6.948,182.52,1
2026-08-03T00:11:30Z,2,DUT-A2,6.9487,869.22,1
2026-08-03T00:11:30Z,3,DUT-A3,6.5044,124.79,1
2026-08-03T00:11:30Z,4,DUT-A4,6.5034,154.98,1
2026-08-03T00:11:30Z,5,DUT-A5,6.9762,170.72,1
2026-08-03T00:11:30Z,6,DUT-A6,6.9924,200.88,1
2026-08-03T00:11:30Z,7,DUT-A7,7.0001,455.68,1
2026-08-03T00:11:30Z,8,DUT-A8,6.9962,143.56,1
2026-08-03T00:11:44Z,1,DUT-A1,6.9471,941.75,1
2026-08-03T00:11:44Z,2,DUT-A2,6.95,162.63,1
2026-08-03T00:11:44Z,3,DUT-A3,6.5044,155.51,1
2026-08-03T00:11:44Z,4,DUT-A4,6.5035,168.97,1
2026-08-03T00:11:44Z,5,DUT-A5,6.976,162.66,1
2026-08-03T00:11:44Z,6,DUT-A6,6.9924,148.32,1
2026-08-03T00:11:44Z,7,DUT-A7,7.0005,143.15,1
2026-08-03T00:11:44Z,8,DUT-A8,6.9962,147.02,1
2026-08-03T00:11:58Z,1,DUT-A1,6.9481,177.77,1
2026-08-03T00:11:58Z,2,DUT-A2,6.9498,147.4,1
2026-08-03T00:11:58Z,3,DUT-A3,6.5044,146.51,1
2026-08-03T00:11:58Z,4,DUT-A4,6.5033,163.27,1
2026-08-03T00:11:58Z,5,DUT-A5,6.9761,182.88,1
2026-08-03T00:11:58Z,6,DUT-A6,6.9924,132.01,1
2026-08-03T00:11:58Z,7,DUT-A7,6.9998,800.53,1
2026-08-03T00:11:58Z,8,DUT-A8,6.9964,117.09,1
2026-08-03T00:12:12Z,1,DUT-A1,6.9483,182.27,1
2026-08-03T00:12:12Z,2,DUT-A2,6.95,150.99,1
2026-08-03T00:12:12Z,3,DUT-A3,6.5044,145.72,1
2026-08-03T00:12:12Z,4,DUT-A4,6.5031,906.07,1
2026-08-03T00:12:12Z,5,DUT-A5,6.9762,187.43,1
2026-08-03T00:12:12Z,6,DUT-A6,6.9917,802.99,1
2026-08-03T00:12:12Z,7,DUT-A7,7.0006,146.18,1
2026-08-03T00:12:12Z,8,DUT-A8,6.9962,123.04,1
2026-08-03T00:12:26Z,1,DUT-A1,6.9474,765.41,1
2026-08-03T00:12:26Z,2,DUT-A2,6.95,140.84,1
2026-08-03T00:12:26Z,3,DUT-A3,6.5039,930.02,1
2026-08-03T00:12:26Z,4,DUT-A4,6.5033,170.57,1
2026-08-03T00:12:26Z,5,DUT-A5,6.9763,155.06,1
2026-08-03T00:12:26Z,6,DUT-A6,6.9925,148.47,1
2026-08-03T00:12:26Z,7,DUT-A7,7.0006,129.17,1
2026-08-03T00:12:26Z,8,DUT-A8,6.9964,140.92,1
2026-08-03T00:12:40Z,1,DUT-A1,6.9482,183.06,1
2026-08-03T00:12:40Z,2,DUT-A2,6.95,150.96,1
2026-08-03T00:12:40Z,3,DUT-A3,6.5043,154.47,1
2026-08-03T00:12:40Z,4,DUT-A4,6.5034,168.0,1
2026-08-03T00:12:40Z,5,DUT-A5,6.9762,146.41,1
2026-08-03T00:12:40Z,6,DUT-A6,6.9924,138.27,1
2026-08-03T00:12:40Z,7,DUT-A7,7.0002,227.94,1
2026-08-03T00:12:40Z,8,DUT-A8,6.9956,791.53,1
2026-08-03T00:12:54Z,1,DUT-A1,6.9483,188.85,1
2026-08-03T00:12:54Z,2,DUT-A2,6.9494,434.8,1
2026-08-03T00:12:54Z,3,DUT-A3,6.5043,165.0,1
2026-08-03T00:12:54Z,4,DUT-A4,6.5034,153.99,1
2026-08-03T00:12:54Z,5,DUT-A5,6.9759,770.42,1
2026-08-03T00:12:54Z,6,DUT-A6,6.9924,98.17,1
2026-08-03T00:12:54Z,7,DUT-A7,7.0007,143.81,1
2026-08-03T00:12:54Z,8,DUT-A8,6.9963,133.29,1
2026-08-03T00:13:08Z,1,DUT-A1,6.9482,183.82,1
2026-08-03T00:13:08Z,2,DUT-A2,6.95,155.06,1
2026-08-03T00:13:08Z,3,DUT-A3,6.5044,164.13,1
2026-08-03T00:13:08Z,4,DUT-A4,6.5032,188.93,1
2026-08-03T00:13:08Z,5,DUT-A5,6.9763,200.04,1
2026-08-03T00:13:08Z,6,DUT-A6,6.9923,165.05,1
2026-08-03T00:13:08Z,7,DUT-A7,7.0005,167.57,1
2026-08-03T00:13:08Z,8,DUT-A8,6.9964,150.99,1
2026-08-03T00:13:21Z,1,DUT-A1,6.9484,154.24,1
2026-08-03T00:13:21Z,2,DUT-A2,6.9502,153.12,1
2026-08-03T00:13:21Z,3,DUT-A3,6.5043,166.75,1
2026-08-03T00:13:21Z,4,DUT-A4,6.5032,169.6,1
2026-08-03T00:13:21Z,5,DUT-A5,6.9762,177.66,1
2026-08-03T00:13:21Z,6,DUT-A6,6.9923,111.8,1
2026-08-03T00:13:21Z,7,DUT-A7,7.0004,131.3,1
2026-08-03T00:13:21Z,8,DUT-A8,6.9963,125.22,1
2026-08-03T00:13:39Z,1,DUT-A1,6.9481,223.01,1
2026-08-03T00:13:39Z,2,DUT-A2,6.9502,143.33,1
2026-08-03T00:13:39Z,3,DUT-A3,6.5045,150.53,1
2026-08-03T00:13:39Z,4,DUT-A4,6.5034,171.0,1
2026-08-03T00:13:39Z,5,DUT-A5,6.9762,157.5,1
2026-08-03T00:13:39Z,6,DUT-A6,6.9923,127.89,1
2026-08-03T00:13:39Z,7,DUT-A7,6.9969,3781.15,1
2026-08-03T00:13:39Z,8,DUT-A8,6.9958,862.99,1
2026-08-03T00:13:53Z,1,DUT-A1,6.9481,186.34,1
2026-08-03T00:13:53Z,2,DUT-A2,6.9493,626.35,1
2026-08-03T00:13:53Z,3,DUT-A3,6.5044,136.75,1
2026-08-03T00:13:53Z,4,DUT-A4,6.5031,977.71,1
2026-08-03T00:13:53Z,5,DUT-A5,6.9761,442.86,1
2026-08-03T00:13:53Z,6,DUT-A6,6.9921,131.43,1
2026-08-03T00:13:53Z,7,DUT-A7,7.0001,129.4,1
2026-08-03T00:13:53Z,8,DUT-A8,6.9965,132.04,1
2026-08-03T00:14:07Z,1,DUT-A1,6.9478,179.01,1
2026-08-03T00:14:07Z,2,DUT-A2,6.9503,150.1,1
2026-08-03T00:14:07Z,3,DUT-A3,6.5044,168.36,1
2026-08-03T00:14:07Z,4,DUT-A4,6.5034,192.03,1
2026-08-03T00:14:07Z,5,DUT-A5,6.9763,164.59,1
2026-08-03T00:14:07Z,6,DUT-A6,6.9922,112.53,1
2026-08-03T00:14:07Z,7,DUT-A7,7.0,155.84,1
2026-08-03T00:14:07Z,8,DUT-A8,6.9963,150.35,1
2026-08-03T00:14:20Z,1,DUT-A1,6.948,180.16,1
2026-08-03T00:14:20Z,2,DUT-A2,6.9502,145.29,1
2026-08-03T00:14:20Z,3,DUT-A3,6.5044,150.94,1
2026-08-03T00:14:20Z,4,DUT-A4,6.5034,164.13,1
2026-08-03T00:14:20Z,5,DUT-A5,6.9763,173.95,1
2026-08-03T00:14:20Z,6,DUT-A6,6.9922,116.45,1
2026-08-03T00:14:20Z,7,DUT-A7,6.9999,144.73,1
2026-08-03T00:14:20Z,8,DUT-A8,6.9963,192.13,1
2026-08-03T00:14:34Z,1,DUT-A1,6.948,174.76,1
2026-08-03T00:14:34Z,2,DUT-A2,6.9502,133.39,1
2026-08-03T00:14:34Z,3,DUT-A3,6.5043,147.48,1
2026-08-03T00:14:34Z,4,DUT-A4,6.5034,155.28,1
2026-08-03T00:14:34Z,5,DUT-A5,6.9763,188.57,1
2026-08-03T00:14:34Z,6,DUT-A6,6.9922,156.05,1
2026-08-03T00:14:34Z,7,DUT-A7,7.0002,129.45,1
2026-08-03T00:14:34Z,8,DUT-A8,6.9964,165.18,1
2026-08-03T00:14:48Z,1,DUT-A1,6.9481,199.76,1
2026-08-03T00:14:48Z,2,DUT-A2,6.9493,790.91,1
2026-08-03T00:14:48Z,3,DUT-A3,6.5044,157.73,1
2026-08-03T00:14:48Z,4,DUT-A4,6.5033,164.41,1
2026-08-03T00:14:48Z,5,DUT-A5,6.9759,186.21,1
2026-08-03T00:14:48Z,6,DUT-A6,6.9924,131.89,1
2026-08-03T00:14:48Z,7,DUT-A7,7.0,141.17,1
2026-08-03T00:14:48Z,8,DUT-A8,6.9965,136.87,1
2026-08-03T00:15:02Z,1,DUT-A1,6.9479,160.78,1
2026-08-03T00:15:02Z,2,DUT-A2,6.9495,141.53,1
2026-08-03T00:15:02Z,3,DUT-A3,6.5042,141.83,1
2026-08-03T00:15:02Z,4,DUT-A4,6.5033,754.45,1
2026-08-03T00:15:02Z,5,DUT-A5,6.9761,169.63,1
2026-08-03T00:15:02Z,6,DUT-A6,6.992,165.2,1
2026-08-03T00:15:02Z,7,DUT-A7,7.0001,129.67,1
2026-08-03T00:15:02Z,8,DUT-A8,6.996,421.14,1
2026-08-03T00:15:16Z,1,DUT-A1,6.9482,169.68,1
2026-08-03T00:15:16Z,2,DUT-A2,6.9497,137.66,1
2026-08-03T00:15:16Z,3,DUT-A3,6.5042,1622.04,1
2026-08-03T00:15:16Z,4,DUT-A4,6.5029,1164.7,1
2026-08-03T00:15:16Z,5,DUT-A5,6.9754,1112.21,1
2026-08-03T00:15:16Z,6,DUT-A6,6.9922,135.6,1
2026-08-03T00:15:16Z,7,DUT-A7,7.0001,149.28,1
2026-08-03T00:15:16Z,8,DUT-A8,6.9964,138.55,1
2026-08-03T00:15:30Z,1,DUT-A1,6.9481,204.11,1
2026-08-03T00:15:30Z,2,DUT-A2,6.9484,804.37,1
2026-08-03T00:15:30Z,3,DUT-A3,6.5043,153.78,1
2026-08-03T00:15:30Z,4,DUT-A4,6.5032,179.29,1
2026-08-03T00:15:30Z,5,DUT-A5,6.9762,152.21,1
2026-08-03T00:15:30Z,6,DUT-A6,6.9918,631.18,1
2026-08-03T00:15:30Z,7,DUT-A7,7.0001,526.17,1
2026-08-03T00:15:30Z,8,DUT-A8,6.996,128.84,1
2026-08-03T00:15:44Z,1,DUT-A1,6.947,868.78,1
2026-08-03T00:15:44Z,2,DUT-A2,6.9499,142.9,1
2026-08-03T00:15:44Z,3,DUT-A3,6.5043,438.95,1
2026-08-03T00:15:44Z,4,DUT-A4,6.5033,182.72,1
2026-08-03T00:15:44Z,5,DUT-A5,6.9762,137.99,1
2026-08-03T00:15:44Z,6,DUT-A6,6.9921,127.23,1
2026-08-03T00:15:44Z,7,DUT-A7,7.0002,124.26,1
2026-08-03T00:15:44Z,8,DUT-A8,6.996,131.79,1
2026-08-03T00:15:58Z,1,DUT-A1,6.948,166.17,1
2026-08-03T00:15:58Z,2,DUT-A2,6.9496,153.94,1
2026-08-03T00:15:58Z,3,DUT-A3,6.5043,142.87,1
2026-08-03T00:15:58Z,4,DUT-A4,6.5033,180.03,1
2026-08-03T00:15:58Z,5,DUT-A5,6.9761,174.87,1
2026-08-03T00:15:58Z,6,DUT-A6,6.9922,125.1,1
2026-08-03T00:15:58Z,7,DUT-A7,6.9994,1003.88,1
2026-08-03T00:15:58Z,8,DUT-A8,6.9959,505.22,1
2026-08-03T00:16:12Z,1,DUT-A1,6.9481,182.19,1
2026-08-03T00:16:12Z,2,DUT-A2,6.9497,135.57,1
2026-08-03T00:16:12Z,3,DUT-A3,6.5043,153.48,1
2026-08-03T00:16:12Z,4,DUT-A4,6.503,940.73,1
2026-08-03T00:16:12Z,5,DUT-A5,6.9764,206.3,1
2026-08-03T00:16:12Z,6,DUT-A6,6.9917,652.11,1
2026-08-03T00:16:12Z,7,DUT-A7,7.0003,146.31,1
2026-08-03T00:16:12Z,8,DUT-A8,6.9961,153.38,1
2026-08-03T00:16:26Z,1,DUT-A1,6.9471,482.08,1
2026-08-03T00:16:26Z,2,DUT-A2,6.9498,141.07,1
2026-08-03T00:16:26Z,3,DUT-A3,6.5041,826.49,1
2026-08-03T00:16:26Z,4,DUT-A4,6.5034,171.97,1
2026-08-03T00:16:26Z,5,DUT-A5,6.9761,167.72,1
2026-08-03T00:16:26Z,6,DUT-A6,6.9924,207.72,1
2026-08-03T00:16:26Z,7,DUT-A7,7.0001,108.87,1
2026-08-03T00:16:26Z,8,DUT-A8,6.996,121.21,1
2026-08-03T00:16:41Z,1,DUT-A1,6.9482,184.45,1
2026-08-03T00:16:41Z,2,DUT-A2,6.95,147.76,1
2026-08-03T00:16:41Z,3,DUT-A3,6.5043,160.52,1
2026-08-03T00:16:41Z,4,DUT-A4,6.5034,210.11,1
2026-08-03T00:16:41Z,5,DUT-A5,6.9761,144.15,1
2026-08-03T00:16:41Z,6,DUT-A6,6.9923,130.59,1
2026-08-03T00:16:41Z,7,DUT-A7,7.0,130.16,1
2026-08-03T00:16:41Z,8,DUT-A8,6.9959,360.54,1
2026-08-03T00:16:55Z,1,DUT-A1,6.9482,181.58,1
2026-08-03T00:16:55Z,2,DUT-A2,6.9498,164.34,1
2026-08-03T00:16:55Z,3,DUT-A3,6.5045,137.97,1
2026-08-03T00:16:55Z,4,DUT-A4,6.5033,197.7,1
2026-08-03T00:16:55Z,5,DUT-A5,6.9756,825.4,1
2026-08-03T00:16:55Z,6,DUT-A6,6.9923,143.43,1
2026-08-03T00:16:55Z,7,DUT-A7,7.0001,134.56,1
2026-08-03T00:16:55Z,8,DUT-A8,6.9962,139.62,1
2026-08-03T00:17:09Z,1,DUT-A1,6.9483,208.11,1
2026-08-03T00:17:09Z,2,DUT-A2,6.9489,860.06,1
2026-08-03T00:17:09Z,3,DUT-A3,6.5042,142.39,1
2026-08-03T00:17:09Z,4,DUT-A4,6.5034,163.63,1
2026-08-03T00:17:09Z,5,DUT-A5,6.9763,163.52,1
2026-08-03T00:17:09Z,6,DUT-A6,6.9924,149.05,1
2026-08-03T00:17:09Z,7,DUT-A7,7.0002,146.23,1
2026-08-03T00:17:09Z,8,DUT-A8,6.9962,157.93,1
2026-08-03T00:17:23Z,1,DUT-A1,6.9482,216.32,1
2026-08-03T00:17:23Z,2,DUT-A2,6.9492,509.9,1
2026-08-03T00:17:23Z,3,DUT-A3,6.5044,130.18,1
2026-08-03T00:17:23Z,4,DUT-A4,6.5034,185.9,1
2026-08-03T00:17:23Z,5,DUT-A5,6.9758,564.12,1
2026-08-03T00:17:23Z,6,DUT-A6,6.9924,137.02,1
2026-08-03T00:17:23Z,7,DUT-A7,7.0002,118.23,1
2026-08-03T00:17:23Z,8,DUT-A8,6.996,115.28,1
2026-08-03T00:17:37Z,1,DUT-A1,6.9484,176.93,1
2026-08-03T00:17:37Z,2,DUT-A2,6.9499,144.91,1
2026-08-03T00:17:37Z,3,DUT-A3,6.5044,152.54,1
2026-08-03T00:17:37Z,4,DUT-A4,6.5034,177.64,1
2026-08-03T00:17:37Z,5,DUT-A5,6.9755,928.62,1
2026-08-03T00:17:37Z,6,DUT-A6,6.9922,109.53,1
2026-08-03T00:17:37Z,7,DUT-A7,7.0003,136.13,1
2026-08-03T00:17:37Z,8,DUT-A8,6.9963,130.46,1
2026-08-03T00:17:51Z,1,DUT-A1,6.9482,168.41,1
2026-08-03T00:17:51Z,2,DUT-A2,6.949,625.81,1
2026-08-03T00:17:51Z,3,DUT-A3,6.5044,153.61,1
2026-08-03T00:17:51Z,4,DUT-A4,6.5035,195.44,1
2026-08-03T00:17:51Z,5,DUT-A5,6.9762,166.78,1
2026-08-03T00:17:51Z,6,DUT-A6,6.9916,820.8,1
2026-08-03T00:17:51Z,7,DUT-A7,7.0002,159.35,1
2026-08-03T00:17:51Z,8,DUT-A8,6.9963,103.07,1
2026-08-03T00:18:04Z,1,DUT-A1,6.9469,909.32,1
2026-08-03T00:18:04Z,2,DUT-A2,6.9499,158.67,1
2026-08-03T00:18:04Z,3,DUT-A3,6.5039,870.01,1
2026-08-03T00:18:04Z,4,DUT-A4,6.5036,219.12,1
2026-08-03T00:18:04Z,5,DUT-A5,6.9763,170.65,1
2026-08-03T00:18:04Z,6,DUT-A6,6.9924,119.91,1
2026-08-03T00:18:04Z,7,DUT-A7,7.0003,131.76,1
2026-08-03T00:18:04Z,8,DUT-A8,6.9962,129.45,1
2026-08-03T00:18:18Z,1,DUT-A1,6.9477,203.07,1
2026-08-03T00:18:18Z,2,DUT-A2,6.95,155.97,1
2026-08-03T00:18:18Z,3,DUT-A3,6.5045,158.23,1
2026-08-03T00:18:18Z,4,DUT-A4,6.5034,172.15,1
2026-08-03T00:18:18Z,5,DUT-A5,6.9763,196.08,1
2026-08-03T00:18:18Z,6,DUT-A6,6.9923,155.39,1
2026-08-03T00:18:18Z,7,DUT-A7,6.9996,832.67,1
2026-08-03T00:18:18Z,8,DUT-A8,6.9958,815.71,1
2026-08-03T00:18:32Z,1,DUT-A1,6.9479,169.22,1
2026-08-03T00:18:32Z,2,DUT-A2,6.9499,146.49,1
2026-08-03T00:18:32Z,3,DUT-A3,6.5044,140.13,1
2026-08-03T00:18:32Z,4,DUT-A4,6.503,970.13,1
2026-08-03T00:18:32Z,5,DUT-A5,6.9761,185.78,1
2026-08-03T00:18:32Z,6,DUT-A6,6.992,373.97,1
2026-08-03T00:18:32Z,7,DUT-A7,7.0,126.67,1
2026-08-03T00:18:32Z,8,DUT-A8,6.996,458.73,1
2026-08-03T00:18:49Z,1,DUT-A1,6.9465,1002.53,1
2026-08-03T00:18:49Z,2,DUT-A2,6.9491,843.61,1
2026-08-03T00:18:49Z,3,DUT-A3,6.5045,132.83,1
2026-08-03T00:18:49Z,4,DUT-A4,6.5033,168.53,1
2026-08-03T00:18:49Z,5,DUT-A5,6.9763,164.62,1
2026-08-03T00:18:49Z,6,DUT-A6,6.9923,109.74,1
2026-08-03T00:18:49Z,7,DUT-A7,7.0002,123.14,1
2026-08-03T00:18:49Z,8,DUT-A8,6.9963,133.29,1
2026-08-03T00:19:03Z,1,DUT-A1,6.9467,909.81,1
2026-08-03T00:19:03Z,2,DUT-A2,6.9502,133.87,1
2026-08-03T00:19:03Z,3,DUT-A3,6.5043,158.72,1
2026-08-03T00:19:03Z,4,DUT-A4,6.5033,191.7,1
2026-08-03T00:19:03Z,5,DUT-A5,6.9761,176.09,1
2026-08-03T00:19:03Z,6,DUT-A6,6.9922,129.78,1
2026-08-03T00:19:03Z,7,DUT-A7,6.9999,137.41,1
2026-08-03T00:19:03Z,8,DUT-A8,6.9957,575.26,1
2026-08-03T00:19:17Z,1,DUT-A1,6.9478,175.07,1
2026-08-03T00:19:17Z,2,DUT-A2,6.9501,129.37,1
2026-08-03T00:19:17Z,3,DUT-A3,6.5043,162.1,1
2026-08-03T00:19:17Z,4,DUT-A4,6.5031,633.09,1
2026-08-03T00:19:17Z,5,DUT-A5,6.9761,188.14,1
2026-08-03T00:19:17Z,6,DUT-A6,6.9922,153.2,1
2026-08-03T00:19:17Z,7,DUT-A7,7.0,193.2,1
2026-08-03T00:19:17Z,8,DUT-A8,6.9962,139.19,1
2026-08-03T00:19:31Z,1,DUT-A1,6.9477,194.07,1
2026-08-03T00:19:31Z,2,DUT-A2,6.95,118.64,1
2026-08-03T00:19:31Z,3,DUT-A3,6.5044,153.55,1
2026-08-03T00:19:31Z,4,DUT-A4,6.503,913.95,1
2026-08-03T00:19:31Z,5,DUT-A5,6.9763,152.0,1
2026-08-03T00:19:31Z,6,DUT-A6,6.9913,942.08,1
2026-08-03T00:19:31Z,7,DUT-A7,7.0001,145.8,1
2026-08-03T00:19:31Z,8,DUT-A8,6.9963,113.98,1
2026-08-03T00:19:45Z,1,DUT-A1,6.9466,937.75,1
2026-08-03T00:19:45Z,2,DUT-A2,6.9499,140.05,1
2026-08-03T00:19:45Z,3,DUT-A3,6.5036,1265.39,1
2026-08-03T00:19:45Z,4,DUT-A4,6.5034,194.6,1
2026-08-03T00:19:45Z,5,DUT-A5,6.9758,477.4,1
2026-08-03T00:19:45Z,6,DUT-A6,6.9921,152.94,1
2026-08-03T00:19:45Z,7,DUT-A7,7.0,144.93,1
2026-08-03T00:19:45Z,8,DUT-A8,6.9962,126.47,1
2026-08-03T00:19:59Z,1,DUT-A1,6.9477,170.49,1
2026-08-03T00:19:59Z,2,DUT-A2,6.9497,125.07,1
2026-08-03T00:19:59Z,3,DUT-A3,6.5043,121.08,1
2026-08-03T00:19:59Z,4,DUT-A4,6.5034,177.74,1
2026-08-03T00:19:59Z,5,DUT-A5,6.9761,188.09,1
2026-08-03T00:19:59Z,6,DUT-A6,6.9922,131.99,1
2026-08-03T00:19:59Z,7,DUT-A7,6.999,1119.39,1
2026-08-03T00:19:59Z,8,DUT-A8,6.9956,860.62,1
2026-08-03T00:20:13Z,1,DUT-A1,6.948,156.84,1
2026-08-03T00:20:13Z,2,DUT-A2,6.9496,132.32,1
2026-08-03T00:20:13Z,3,DUT-A3,6.5044,192.11,1
2026-08-03T00:20:13Z,4,DUT-A4,6.5032,296.12,1
2026-08-03T00:20:13Z,5,DUT-A5,6.9762,162.15,1
2026-08-03T00:20:13Z,6,DUT-A6,6.9922,132.68,1
2026-08-03T00:20:13Z,7,DUT-A7,7.0001,170.14,1
2026-08-03T00:20:13Z,8,DUT-A8,6.9962,138.86,1
2026-08-03T00:20:27Z,1,DUT-A1,6.9469,888.32,1
2026-08-03T00:20:27Z,2,DUT-A2,6.9498,140.74,1
2026-08-03T00:20:27Z,3,DUT-A3,6.5044,138.53,1
2026-08-03T00:20:27Z,4,DUT-A4,6.5034,187.48,1
2026-08-03T00:20:27Z,5,DUT-A5,6.976,193.66,1
2026-08-03T00:20:27Z,6,DUT-A6,6.9924,131.18,1
2026-08-03T00:20:27Z,7,DUT-A7,7.0002,110.86,1
2026-08-03T00:20:27Z,8,DUT-A8,6.9959,129.14,1
2026-08-03T00:20:41Z,1,DUT-A1,6.9476,177.0,1
2026-08-03T00:20:41Z,2,DUT-A2,6.9496,170.49,1
2026-08-03T00:20:41Z,3,DUT-A3,6.5045,153.73,1
2026-08-03T00:20:41Z,4,DUT-A4,6.5033,172.3,1
2026-08-03T00:20:41Z,5,DUT-A5,6.976,144.88,1
2026-08-03T00:20:41Z,6,DUT-A6,6.9921,122.61,1
2026-08-03T00:20:41Z,7,DUT-A7,7.0002,141.73,1
2026-08-03T00:20:41Z,8,DUT-A8,6.996,154.19,1
2026-08-03T00:20:55Z,1,DUT-A1,6.9478,181.35,1
2026-08-03T00:20:55Z,2,DUT-A2,6.9497,143.56,1
2026-08-03T00:20:55Z,3,DUT-A3,6.5045,149.87,1
2026-08-03T00:20:55Z,4,DUT-A4,6.5035,179.93,1
2026-08-03T00:20:55Z,5,DUT-A5,6.9758,611.98,1
2026-08-03T00:20:55Z,6,DUT-A6,6.9922,116.93,1
2026-08-03T00:20:55Z,7,DUT-A7,7.0003,114.42,1
2026-08-03T00:20:55Z,8,DUT-A8,6.9963,125.81,1
2026-08-03T00:21:09Z,1,DUT-A1,6.9479,195.57,1
2026-08-03T00:21:09Z,2,DUT-A2,6.9487,814.54,1
2026-08-03T00:21:09Z,3,DUT-A3,6.5045,156.07,1
2026-08-03T00:21:09Z,4,DUT-A4,6.5033,203.32,1
2026-08-03T00:21:09Z,5,DUT-A5,6.9762,151.19,1
2026-08-03T00:21:09Z,6,DUT-A6,6.9923,116.17,1
2026-08-03T00:21:09Z,7,DUT-A7,7.0003,159.89,1
2026-08-03T00:21:09Z,8,DUT-A8,6.9959,139.75,1
2026-08-03T00:21:23Z,1,DUT-A1,6.9481,179.24,1
2026-08-03T00:21:23Z,2,DUT-A2,6.9488,673.45,1
2026-08-03T00:21:23Z,3,DUT-A3,6.5044,144.27,1
2026-08-03T00:21:23Z,4,DUT-A4,6.5033,157.52,1
2026-08-03T00:21:23Z,5,DUT-A5,6.9755,863.55,1
2026-08-03T00:21:23Z,6,DUT-A6,6.9923,167.57,1
2026-08-03T00:21:23Z,7,DUT-A7,7.0002,133.92,1
2026-08-03T00:21:23Z,8,DUT-A8,6.9961,137.18,1
2026-08-03T00:21:37Z,1,DUT-A1,6.948,159.38,1
2026-08-03T00:21:37Z,2,DUT-A2,6.9498,140.92,1
2026-08-03T00:21:37Z,3,DUT-A3,6.5043,161.72,1
2026-08-03T00:21:37Z,4,DUT-A4,6.5034,160.42,1
2026-08-03T00:21:37Z,5,DUT-A5,6.9754,546.75,1
2026-08-03T00:21:37Z,6,DUT-A6,6.9921,142.95,1
2026-08-03T00:21:37Z,7,DUT-A7,7.0003,135.47,1
2026-08-03T00:21:37Z,8,DUT-A8,6.9961,124.92,1
2026-08-03T00:21:51Z,1,DUT-A1,6.948,187.2,1
2026-08-03T00:21:51Z,2,DUT-A2,6.9495,215.12,1
2026-08-03T00:21:51Z,3,DUT-A3,6.5043,117.44,1
2026-08-03T00:21:51Z,4,DUT-A4,6.5035,172.96,1
2026-08-03T00:21:51Z,5,DUT-A5,6.9762,200.58,1
2026-08-03T00:21:51Z,6,DUT-A6,6.9918,831.78,1
2026-08-03T00:21:51Z,7,DUT-A7,7.0002,116.2,1
2026-08-03T00:21:51Z,8,DUT-A8,6.9962,127.41,1
2026-08-03T00:22:05Z,1,DUT-A1,6.947,851.87,1
2026-08-03T00:22:05Z,2,DUT-A2,6.9498,145.06,1
2026-08-03T00:22:05Z,3,DUT-A3,6.5038,857.19,1
2026-08-03T00:22:05Z,4,DUT-A4,6.5035,189.77,1
2026-08-03T00:22:05Z,5,DUT-A5,6.9762,154.85,1
2026-08-03T00:22:05Z,6,DUT-A6,6.9922,141.2,1
2026-08-03T00:22:05Z,7,DUT-A7,7.0003,122.76,1
2026-08-03T00:22:05Z,8,DUT-A8,6.9961,123.67,1
2026-08-03T00:22:19Z,1,DUT-A1,6.9481,172.2,1
2026-08-03T00:22:19Z,2,DUT-A2,6.9501,146.41,1
2026-08-03T00:22:19Z,3,DUT-A3,6.5044,143.66,1
2026-08-03T00:22:19Z,4,DUT-A4,6.5034,203.45,1
2026-08-03T00:22:19Z,5,DUT-A5,6.9761,162.58,1
2026-08-03T00:22:19Z,6,DUT-A6,6.9923,129.32,1
2026-08-03T00:22:19Z,7,DUT-A7,6.9996,769.35,1
2026-08-03T00:22:19Z,8,DUT-A8,6.9957,911.05,1
2026-08-03T00:22:33Z,1,DUT-A1,6.9478,177.61,1
2026-08-03T00:22:33Z,2,DUT-A2,6.9497,149.16,1
2026-08-03T00:22:33Z,3,DUT-A3,6.5044,152.56,1
2026-08-03T00:22:33Z,4,DUT-A4,6.5034,145.98,1
2026-08-03T00:22:33Z,5,DUT-A5,6.9761,155.11,1
2026-08-03T00:22:33Z,6,DUT-A6,6.9921,149.05,1
2026-08-03T00:22:33Z,7,DUT-A7,7.0002,142.59,1
2026-08-03T00:22:33Z,8,DUT-A8,6.9959,397.64,1
2026-08-03T00:22:47Z,1,DUT-A1,6.948,168.81,1
2026-08-03T00:22:47Z,2,DUT-A2,6.9501,145.9,1
2026-08-03T00:22:47Z,3,DUT-A3,6.5044,150.91,1
2026-08-03T00:22:47Z,4,DUT-A4,6.5033,381.32,1
2026-08-03T00:22:47Z,5,DUT-A5,6.9763,166.4,1
2026-08-03T00:22:47Z,6,DUT-A6,6.9925,140.41,1
2026-08-03T00:22:47Z,7,DUT-A7,7.0003,136.08,1
2026-08-03T00:22:47Z,8,DUT-A8,6.9963,129.32,1
2026-08-03T00:23:01Z,1,DUT-A1,6.948,157.98,1
2026-08-03T00:23:01Z,2,DUT-A2,6.9498,128.66,1
2026-08-03T00:23:01Z,3,DUT-A3,6.5044,129.01,1
2026-08-03T00:23:01Z,4,DUT-A4,6.5034,207.57,1
2026-08-03T00:23:01Z,5,DUT-A5,6.9761,143.51,1
2026-08-03T00:23:01Z,6,DUT-A6,6.9916,764.77,1
2026-08-03T00:23:01Z,7,DUT-A7,7.0003,140.31,1
2026-08-03T00:23:01Z,8,DUT-A8,6.996,131.96,1
2026-08-03T00:23:15Z,1,DUT-A1,6.948,188.45,1
2026-08-03T00:23:15Z,2,DUT-A2,6.9501,125.68,1
2026-08-03T00:23:15Z,3,DUT-A3,6.5042,767.54,1
2026-08-03T00:23:15Z,4,DUT-A4,6.5034,140.05,1
2026-08-03T00:23:15Z,5,DUT-A5,6.9755,898.13,1
2026-08-03T00:23:15Z,6,DUT-A6,6.9924,138.02,1
2026-08-03T00:23:15Z,7,DUT-A7,7.0002,122.4,1
2026-08-03T00:23:15Z,8,DUT-A8,6.9961,137.58,1
2026-08-03T00:23:29Z,1,DUT-A1,6.9481,190.1,1
2026-08-03T00:23:29Z,2,DUT-A2,6.9488,789.46,1
2026-08-03T00:23:29Z,3,DUT-A3,6.5044,153.99,1
2026-08-03T00:23:29Z,4,DUT-A4,6.5033,146.56,1
2026-08-03T00:23:29Z,5,DUT-A5,6.9762,176.6,1
2026-08-03T00:23:29Z,6,DUT-A6,6.9922,112.94,1
2026-08-03T00:23:29Z,7,DUT-A7,6.9991,1393.89,1
2026-08-03T00:23:29Z,8,DUT-A8,6.9962,157.67,1
2026-08-03T00:23:43Z,1,DUT-A1,6.9479,192.31,1
2026-08-03T00:23:43Z,2,DUT-A2,6.9501,137.36,1
2026-08-03T00:23:43Z,3,DUT-A3,6.5044,136.77,1
2026-08-03T00:23:43Z,4,DUT-A4,6.5034,171.36,1
2026-08-03T00:23:43Z,5,DUT-A5,6.9761,209.66,1
2026-08-03T00:23:43Z,6,DUT-A6,6.9922,137.3,1
2026-08-03T00:23:43Z,7,DUT-A7,6.9994,690.49,1
2026-08-03T00:23:43Z,8,DUT-A8,6.996,123.65,1
2026-08-03T00:24:00Z,1,DUT-A1,6.9477,187.17,1
2026-08-03T00:24:00Z,2,DUT-A2,6.9499,140.89,1
2026-08-03T00:24:00Z,3,DUT-A3,6.5043,147.71,1
2026-08-03T00:24:00Z,4,DUT-A4,6.5034,218.61,1
2026-08-03T00:24:00Z,5,DUT-A5,6.9762,144.45,1
2026-08-03T00:24:00Z,6,DUT-A6,6.9921,206.58,1
2026-08-03T00:24:00Z,7,DUT-A7,6.9998,268.63,1
2026-08-03T00:24:00Z,8,DUT-A8,6.9955,828.37,1
2026-08-03T00:24:14Z,1,DUT-A1,6.9479,162.2,1
2026-08-03T00:24:14Z,2,DUT-A2,6.95,132.88,1
2026-08-03T00:24:14Z,3,DUT-A3,6.5043,138.14,1
2026-08-03T00:24:14Z,4,DUT-A4,6.5036,171.69,1
2026-08-03T00:24:14Z,5,DUT-A5,6.9762,185.4,1
2026-08-03T00:24:14Z,6,DUT-A6,6.9921,109.0,1
2026-08-03T00:24:14Z,7,DUT-A7,7.0001,141.45,1
2026-08-03T00:24:14Z,8,DUT-A8,6.9963,165.51,1
2026-08-03T00:24:28Z,1,DUT-A1,6.9435,2684.2,1
2026-08-03T00:24:28Z,2,DUT-A2,6.9501,142.85,1
2026-08-03T00:24:28Z,3,DUT-A3,6.5044,155.59,1
2026-08-03T00:24:28Z,4,DUT-A4,6.5034,208.89,1
2026-08-03T00:24:28Z,5,DUT-A5,6.9762,155.97,1
2026-08-03T00:24:28Z,6,DUT-A6,6.9922,153.02,1
2026-08-03T00:24:28Z,7,DUT-A7,7.0003,506.77,1
2026-08-03T00:24:28Z,8,DUT-A8,6.9963,133.29,1
2026-08-03T00:24:42Z,1,DUT-A1,6.9474,185.83,1
2026-08-03T00:24:42Z,2,DUT-A2,6.9499,129.68,1
2026-08-03T00:24:42Z,3,DUT-A3,6.5044,160.75,1
2026-08-03T00:24:42Z,4,DUT-A4,6.5034,154.34,1
2026-08-03T00:24:42Z,5,DUT-A5,6.976,175.91,1
2026-08-03T00:24:42Z,6,DUT-A6,6.9921,144.09,1
2026-08-03T00:24:42Z,7,DUT-A7,7.0002,132.42,1
2026-08-03T00:24:42Z,8,DUT-A8,6.9961,117.47,1
2026-08-03T00:24:56Z,1,DUT-A1,6.9469,797.63,1
2026-08-03T00:24:56Z,2,DUT-A2,6.9497,151.19,1
2026-08-03T00:24:56Z,3,DUT-A3,6.5039,413.13,1
2026-08-03T00:24:56Z,4,DUT-A4,6.5036,193.79,1
2026-08-03T00:24:56Z,5,DUT-A5,6.975,1301.17,1
2026-08-03T00:24:56Z,6,DUT-A6,6.9921,152.05,1
2026-08-03T00:24:56Z,7,DUT-A7,7.0002,175.45,1
2026-08-03T00:24:56Z,8,DUT-A8,6.9964,142.67,1
2026-08-03T00:25:10Z,1,DUT-A1,6.9475,232.09,1
2026-08-03T00:25:10Z,2,DUT-A2,6.9474,1508.69,1
2026-08-03T00:25:10Z,3,DUT-A3,6.5044,367.13,1
2026-08-03T00:25:10Z,4,DUT-A4,6.5034,194.22,1
2026-08-03T00:25:10Z,5,DUT-A5,6.976,155.23,1
2026-08-03T00:25:10Z,6,DUT-A6,6.9921,127.26,1
2026-08-03T00:25:10Z,7,DUT-A7,7.0001,142.9,1
2026-08-03T00:25:10Z,8,DUT-A8,6.9954,959.85,1
2026-08-03T00:25:24Z,1,DUT-A1,6.9467,928.32,1
2026-08-03T00:25:24Z,2,DUT-A2,6.9492,583.47,1
2026-08-03T00:25:24Z,3,DUT-A3,6.5045,126.62,1
2026-08-03T00:25:24Z,4,DUT-A4,6.5033,199.89,1
2026-08-03T00:25:24Z,5,DUT-A5,6.9756,776.93,1
2026-08-03T00:25:24Z,6,DUT-A6,6.9922,140.92,1
2026-08-03T00:25:24Z,7,DUT-A7,7.0,138.17,1
2026-08-03T00:25:24Z,8,DUT-A8,6.9958,560.07,1
2026-08-03T00:25:38Z,1,DUT-A1,6.9476,213.06,1
2026-08-03T00:25:38Z,2,DUT-A2,6.9499,138.22,1
2026-08-03T00:25:38Z,3,DUT-A3,6.5042,146.33,1
2026-08-03T00:25:38Z,4,DUT-A4,6.5035,167.01,1
2026-08-03T00:25:38Z,5,DUT-A5,6.9761,162.48,1
2026-08-03T00:25:38Z,6,DUT-A6,6.9922,112.89,1
2026-08-03T00:25:38Z,7,DUT-A7,6.9997,790.71,1
2026-08-03T00:25:38Z,8,DUT-A8,6.996,129.34,1
2026-08-03T00:25:52Z,1,DUT-A1,6.9477,167.41,1
2026-08-03T00:25:52Z,2,DUT-A2,6.9497,136.08,1
2026-08-03T00:25:52Z,3,DUT-A3,6.5043,185.14,1
2026-08-03T00:25:52Z,4,DUT-A4,6.5029,928.98,1
2026-08-03T00:25:52Z,5,DUT-A5,6.9761,213.14,1
2026-08-03T00:25:52Z,6,DUT-A6,6.9915,895.46,1
2026-08-03T00:25:52Z,7,DUT-A7,7.0002,141.12,1
2026-08-03T00:25:52Z,8,DUT-A8,6.996,140.38,1
2026-08-03T00:26:05Z,1,DUT-A1,6.9467,638.86,1
2026-08-03T00:26:05Z,2,DUT-A2,6.9498,134.79,1
2026-08-03T00:26:05Z,3,DUT-A3,6.504,932.06,1
2026-08-03T00:26:05Z,4,DUT-A4,6.5034,175.22,1
2026-08-03T00:26:05Z,5,DUT-A5,6.9759,166.17,1
2026-08-03T00:26:05Z,6,DUT-A6,6.9921,164.08,1
2026-08-03T00:26:05Z,7,DUT-A7,7.0002,137.46,1
2026-08-03T00:26:05Z,8,DUT-A8,6.9959,143.18,1
2026-08-03T00:26:20Z,1,DUT-A1,6.9478,193.76,1
2026-08-03T00:26:20Z,2,DUT-A2,6.9497,122.63,1
2026-08-03T00:26:20Z,3,DUT-A3,6.5044,142.26,1
2026-08-03T00:26:20Z,4,DUT-A4,6.5034,164.87,1
2026-08-03T00:26:20Z,5,DUT-A5,6.976,198.39,1
2026-08-03T00:26:20Z,6,DUT-A6,6.9923,149.99,1
2026-08-03T00:26:20Z,7,DUT-A7,6.9999,327.23,1
2026-08-03T00:26:20Z,8,DUT-A8,6.9954,796.33,1
2026-08-03T00:26:34Z,1,DUT-A1,6.9478,173.82,1
2026-08-03T00:26:34Z,2,DUT-A2,6.95,145.29,1
2026-08-03T00:26:34Z,3,DUT-A3,6.5044,147.32,1
2026-08-03T00:26:34Z,4,DUT-A4,6.5032,148.34,1
2026-08-03T00:26:34Z,5,DUT-A5,6.9761,181.1,1
2026-08-03T00:26:34Z,6,DUT-A6,6.9921,113.93,1
2026-08-03T00:26:34Z,7,DUT-A7,7.0003,129.42,1
2026-08-03T00:26:34Z,8,DUT-A8,6.9959,663.07,1
2026-08-03T00:26:47Z,1,DUT-A1,6.9477,170.09,1
2026-08-03T00:26:47Z,2,DUT-A2,6.9501,122.4,1
2026-08-03T00:26:47Z,3,DUT-A3,6.5043,153.28,1
2026-08-03T00:26:47Z,4,DUT-A4,6.5032,691.4,1
2026-08-03T00:26:47Z,5,DUT-A5,6.9761,169.53,1
2026-08-03T00:26:47Z,6,DUT-A6,6.9921,136.59,1
2026-08-03T00:26:47Z,7,DUT-A7,7.0003,126.73,1
2026-08-03T00:26:47Z,8,DUT-A8,6.9962,123.32,1
2026-08-03T00:27:01Z,1,DUT-A1,6.9477,191.73,1
2026-08-03T00:27:01Z,2,DUT-A2,6.9499,144.07,1
2026-08-03T00:27:01Z,3,DUT-A3,6.5044,148.34,1
2026-08-03T00:27:01Z,4,DUT-A4,6.5035,170.24,1
2026-08-03T00:27:01Z,5,DUT-A5,6.9758,162.66,1
2026-08-03T00:27:01Z,6,DUT-A6,6.9919,655.31,1
2026-08-03T00:27:01Z,7,DUT-A7,7.0002,144.83,1
2026-08-03T00:27:01Z,8,DUT-A8,6.9961,150.27,1
2026-08-03T00:27:15Z,1,DUT-A1,6.9478,195.01,1
2026-08-03T00:27:15Z,2,DUT-A2,6.9498,156.05,1
2026-08-03T00:27:15Z,3,DUT-A3,6.5043,527.04,1
2026-08-03T00:27:15Z,4,DUT-A4,6.5035,152.82,1
2026-08-03T00:27:15Z,5,DUT-A5,6.9754,918.1,1
2026-08-03T00:27:15Z,6,DUT-A6,6.9922,132.37,1
2026-08-03T00:27:15Z,7,DUT-A7,7.0002,139.62,1
2026-08-03T00:27:15Z,8,DUT-A8,6.9962,126.73,1
2026-08-03T00:27:30Z,1,DUT-A1,6.9476,222.88,1
2026-08-03T00:27:30Z,2,DUT-A2,6.9488,823.54,1
2026-08-03T00:27:30Z,3,DUT-A3,6.5044,163.4,1
2026-08-03T00:27:30Z,4,DUT-A4,6.5035,146.46,1
2026-08-03T00:27:30Z,5,DUT-A5,6.9761,142.87,1
2026-08-03T00:27:30Z,6,DUT-A6,6.9924,116.1,1
2026-08-03T00:27:30Z,7,DUT-A7,7.0001,551.63,1
2026-08-03T00:27:30Z,8,DUT-A8,6.9962,139.34,1
2026-08-03T00:27:44Z,1,DUT-A1,6.9468,909.83,1
2026-08-03T00:27:44Z,2,DUT-A2,6.9498,140.59,1
2026-08-03T00:27:44Z,3,DUT-A3,6.5043,236.44,1
2026-08-03T00:27:44Z,4,DUT-A4,6.5033,178.48,1
2026-08-03T00:27:44Z,5,DUT-A5,6.9761,183.97,1
2026-08-03T00:27:44Z,6,DUT-A6,6.9921,131.0,1
2026-08-03T00:27:44Z,7,DUT-A7,7.0002,139.44,1
2026-08-03T00:27:44Z,8,DUT-A8,6.9961,120.01,1
2026-08-03T00:27:58Z,1,DUT-A1,6.9478,177.18,1
2026-08-03T00:27:58Z,2,DUT-A2,6.95,137.13,1
2026-08-03T00:27:58Z,3,DUT-A3,6.5044,138.75,1
2026-08-03T00:27:58Z,4,DUT-A4,6.5034,186.26,1
2026-08-03T00:27:58Z,5,DUT-A5,6.976,171.05,1
2026-08-03T00:27:58Z,6,DUT-A6,6.9923,111.57,1
2026-08-03T00:27:58Z,7,DUT-A7,6.9993,1261.22,1
2026-08-03T00:27:58Z,8,DUT-A8,6.9962,146.15,1
2026-08-03T00:28:12Z,1,DUT-A1,6.9478,169.37,1
2026-08-03T00:28:12Z,2,DUT-A2,6.9499,132.47,1
2026-08-03T00:28:12Z,3,DUT-A3,6.5045,130.39,1
2026-08-03T00:28:12Z,4,DUT-A4,6.503,922.78,1
2026-08-03T00:28:12Z,5,DUT-A5,6.976,175.35,1
2026-08-03T00:28:12Z,6,DUT-A6,6.9917,802.51,1
2026-08-03T00:28:12Z,7,DUT-A7,7.0,107.14,1
2026-08-03T00:28:12Z,8,DUT-A8,6.9961,133.67,1
2026-08-03T00:28:26Z,1,DUT-A1,6.9475,314.94,1
2026-08-03T00:28:26Z,2,DUT-A2,6.95,146.03,1
2026-08-03T00:28:26Z,3,DUT-A3,6.5041,879.87,1
2026-08-03T00:28:26Z,4,DUT-A4,6.5035,216.62,1
2026-08-03T00:28:26Z,5,DUT-A5,6.9761,186.21,1
2026-08-03T00:28:26Z,6,DUT-A6,6.9922,156.53,1
2026-08-03T00:28:26Z,7,DUT-A7,7.0002,139.95,1
2026-08-03T00:28:26Z,8,DUT-A8,6.9961,126.67,1
2026-08-03T00:28:40Z,1,DUT-A1,6.9477,167.39,1
2026-08-03T00:28:40Z,2,DUT-A2,6.9501,134.94,1
2026-08-03T00:28:40Z,3,DUT-A3,6.5045,131.56,1
2026-08-03T00:28:40Z,4,DUT-A4,6.5034,173.06,1
2026-08-03T00:28:40Z,5,DUT-A5,6.976,186.62,1
2026-08-03T00:28:40Z,6,DUT-A6,6.9923,120.29,1
2026-08-03T00:28:40Z,7,DUT-A7,7.0001,139.97,1
2026-08-03T00:28:40Z,8,DUT-A8,6.9955,786.16,1
2026-08-03T00:28:54Z,1,DUT-A1,6.9475,173.77,1
2026-08-03T00:28:54Z,2,DUT-A2,6.9488,628.51,1
2026-08-03T00:28:54Z,3,DUT-A3,6.5045,144.83,1
2026-08-03T00:28:54Z,4,DUT-A4,6.5032,172.96,1
2026-08-03T00:28:54Z,5,DUT-A5,6.976,323.49,1
2026-08-03T00:28:54Z,6,DUT-A6,6.9922,118.99,1
2026-08-03T00:28:54Z,7,DUT-A7,7.0001,110.75,1
2026-08-03T00:28:54Z,8,DUT-A8,6.9962,122.83,1
2026-08-03T00:29:11Z,1,DUT-A1,6.9476,198.75,1
2026-08-03T00:29:11Z,2,DUT-A2,6.9501,132.83,1
2026-08-03T00:29:11Z,3,DUT-A3,6.5044,130.49,1
2026-08-03T00:29:11Z,4,DUT-A4,6.503,928.09,1
2026-08-03T00:29:11Z,5,DUT-A5,6.9762,164.57,1
2026-08-03T00:29:11Z,6,DUT-A6,6.9912,1276.25,1
2026-08-03T00:29:11Z,7,DUT-A7,7.0002,120.49,1
2026-08-03T00:29:11Z,8,DUT-A8,6.9961,160.01,1
2026-08-03T00:29:25Z,1,DUT-A1,6.9466,917.94,1
2026-08-03T00:29:25Z,2,DUT-A2,6.9501,159.58,1
2026-08-03T00:29:25Z,3,DUT-A3,6.5039,943.91,1
2026-08-03T00:29:25Z,4,DUT-A4,6.5035,173.54,1
2026-08-03T00:29:25Z,5,DUT-A5,6.9761,178.17,1
2026-08-03T00:29:25Z,6,DUT-A6,6.9922,139.9,1
2026-08-03T00:29:25Z,7,DUT-A7,7.0002,154.47,1
2026-08-03T00:29:25Z,8,DUT-A8,6.9963,149.87,1
2026-08-03T00:29:39Z,1,DUT-A1,6.9478,230.03,1
2026-08-03T00:29:39Z,2,DUT-A2,6.9491,776.27,1
2026-08-03T00:29:39Z,3,DUT-A3,6.5044,162.53,1
2026-08-03T00:29:39Z,4,DUT-A4,6.5035,196.69,1
2026-08-03T00:29:39Z,5,DUT-A5,6.9762,142.54,1
2026-08-03T00:29:39Z,6,DUT-A6,6.992,150.17,1
2026-08-03T00:29:39Z,7,DUT-A7,6.9995,848.16,1
2026-08-03T00:29:39Z,8,DUT-A8,6.9955,824.43,1
2026-08-03T00:29:53Z,1,DUT-A1,6.9478,164.74,1
2026-08-03T00:29:53Z,2,DUT-A2,6.9496,537.87,1
2026-08-03T00:29:53Z,3,DUT-A3,6.5043,154.98,1
2026-08-03T00:29:53Z,4,DUT-A4,6.5032,404.18,1
2026-08-03T00:29:53Z,5,DUT-A5,6.9757,375.72,1
2026-08-03T00:29:53Z,6,DUT-A6,6.9919,164.74,1
2026-08-03T00:29:53Z,7,DUT-A7,7.0001,145.8,1
2026-08-03T00:29:53Z,8,DUT-A8,6.9963,151.8,1
2026-08-03T00:30:07Z,1,DUT-A1,6.9477,196.61,1
2026-08-03T00:30:07Z,2,DUT-A2,6.9499,154.95,1
2026-08-03T00:30:07Z,3,DUT-A3,6.5044,132.04,1
2026-08-03T00:30:07Z,4,DUT-A4,6.5034,161.41,1
2026-08-03T00:30:07Z,5,DUT-A5,6.9759,167.82,1
2026-08-03T00:30:07Z,6,DUT-A6,6.992,130.62,1
2026-08-03T00:30:07Z,7,DUT-A7,7.0001,114.52,1
2026-08-03T00:30:07Z,8,DUT-A8,6.9962,124.94,1
2026-08-03T00:30:21Z,1,DUT-A1,6.9477,178.91,1
2026-08-03T00:30:21Z,2,DUT-A2,6.9498,179.62,1
2026-08-03T00:30:21Z,3,DUT-A3,6.5044,123.24,1
2026-08-03T00:30:21Z,4,DUT-A4,6.5035,152.16,1
2026-08-03T00:30:21Z,5,DUT-A5,6.976,169.07,1
2026-08-03T00:30:21Z,6,DUT-A6,6.9921,125.56,1
2026-08-03T00:30:21Z,7,DUT-A7,7.0002,141.5,1
2026-08-03T00:30:21Z,8,DUT-A8,6.996,131.89,1
2026-08-03T00:30:35Z,1,DUT-A1,6.9478,176.6,1
2026-08-03T00:30:35Z,2,DUT-A2,6.9498,146.92,1
2026-08-03T00:30:35Z,3,DUT-A3,6.5044,159.58,1
2026-08-03T00:30:35Z,4,DUT-A4,6.5034,165.18,1
2026-08-03T00:30:35Z,5,DUT-A5,6.9757,641.33,1
2026-08-03T00:30:35Z,6,DUT-A6,6.9921,128.25,1
2026-08-03T00:30:35Z,7,DUT-A7,7.0002,138.12,1
2026-08-03T00:30:35Z,8,DUT-A8,6.996,128.1,1
2026-08-03T00:30:49Z,1,DUT-A1,6.9478,184.0,1
2026-08-03T00:30:49Z,2,DUT-A2,6.9489,864.92,1
2026-08-03T00:30:49Z,3,DUT-A3,6.5043,126.78,1
2026-08-03T00:30:49Z,4,DUT-A4,6.5033,178.55,1
2026-08-03T00:30:49Z,5,DUT-A5,6.9762,197.86,1
2026-08-03T00:30:49Z,6,DUT-A6,6.9922,146.33,1
2026-08-03T00:30:49Z,7,DUT-A7,7.0003,148.24,1
2026-08-03T00:30:49Z,8,DUT-A8,6.996,124.72,1
2026-08-03T00:31:03Z,1,DUT-A1,6.9479,180.11,1
2026-08-03T00:31:03Z,2,DUT-A2,6.9499,155.67,1
2026-08-03T00:31:03Z,3,DUT-A3,6.5044,184.68,1
2026-08-03T00:31:03Z,4,DUT-A4,6.5035,179.6,1
2026-08-03T00:31:03Z,5,DUT-A5,6.9759,154.24,1
2026-08-03T00:31:03Z,6,DUT-A6,6.9921,112.61,1
2026-08-03T00:31:03Z,7,DUT-A7,7.0001,136.72,1
2026-08-03T00:31:03Z,8,DUT-A8,6.9956,393.55,1
2026-08-03T00:31:17Z,1,DUT-A1,6.9477,184.61,1
2026-08-03T00:31:17Z,2,DUT-A2,6.9501,184.99,1
2026-08-03T00:31:17Z,3,DUT-A3,6.5041,695.65,1
2026-08-03T00:31:17Z,4,DUT-A4,6.5032,382.79,1
2026-08-03T00:31:17Z,5,DUT-A5,6.9754,923.54,1
2026-08-03T00:31:17Z,6,DUT-A6,6.9921,143.84,1
2026-08-03T00:31:17Z,7,DUT-A7,7.0001,133.08,1
2026-08-03T00:31:17Z,8,DUT-A8,6.9961,107.91,1
2026-08-03T00:31:31Z,1,DUT-A1,6.9479,187.96,1
2026-08-03T00:31:31Z,2,DUT-A2,6.9497,144.17,1
2026-08-03T00:31:31Z,3,DUT-A3,6.5044,148.95,1
2026-08-03T00:31:31Z,4,DUT-A4,6.5034,251.9,1
2026-08-03T00:31:31Z,5,DUT-A5,6.9759,173.82,1
2026-08-03T00:31:31Z,6,DUT-A6,6.9913,1007.69,1
2026-08-03T00:31:31Z,7,DUT-A7,6.998,1925.61,1
2026-08-03T00:31:31Z,8,DUT-A8,6.9962,125.1,1
2026-08-03T00:31:45Z,1,DUT-A1,6.947,833.94,1
2026-08-03T00:31:45Z,2,DUT-A2,6.95,157.22,1
2026-08-03T00:31:45Z,3,DUT-A3,6.5034,1464.18,1
2026-08-03T00:31:45Z,4,DUT-A4,6.5034,178.05,1
2026-08-03T00:31:45Z,5,DUT-A5,6.9761,167.95,1
2026-08-03T00:31:45Z,6,DUT-A6,6.9922,143.41,1
2026-08-03T00:31:45Z,7,DUT-A7,7.0,117.34,1
2026-08-03T00:31:45Z,8,DUT-A8,6.9959,146.23,1
2026-08-03T00:31:59Z,1,DUT-A1,6.9478,192.69,1
2026-08-03T00:31:59Z,2,DUT-A2,6.9497,148.85,1
2026-08-03T00:31:59Z,3,DUT-A3,6.5045,150.33,1
2026-08-03T00:31:59Z,4,DUT-A4,6.5033,158.62,1
2026-08-03T00:31:59Z,5,DUT-A5,6.9761,175.27,1
2026-08-03T00:31:59Z,6,DUT-A6,6.9922,121.77,1
2026-08-03T00:31:59Z,7,DUT-A7,6.9986,1309.94,1
2026-08-03T00:31:59Z,8,DUT-A8,6.9954,879.85,1
2026-08-03T00:32:13Z,1,DUT-A1,6.948,189.49,1
2026-08-03T00:32:13Z,2,DUT-A2,6.9499,141.86,1
2026-08-03T00:32:13Z,3,DUT-A3,6.5045,117.54,1
2026-08-03T00:32:13Z,4,DUT-A4,6.503,866.55,1
2026-08-03T00:32:13Z,5,DUT-A5,6.9762,194.65,1
2026-08-03T00:32:13Z,6,DUT-A6,6.9921,122.86,1
2026-08-03T00:32:13Z,7,DUT-A7,7.0,149.08,1
2026-08-03T00:32:13Z,8,DUT-A8,6.9959,142.19,1
2026-08-03T00:32:26Z,1,DUT-A1,6.9473,767.82,1
2026-08-03T00:32:26Z,2,DUT-A2,6.9501,138.47,1
2026-08-03T00:32:26Z,3,DUT-A3,6.5043,133.49,1
2026-08-03T00:32:26Z,4,DUT-A4,6.5035,161.59,1
2026-08-03T00:32:26Z,5,DUT-A5,6.9761,174.56,1
2026-08-03T00:32:26Z,6,DUT-A6,6.9922,142.87,1
2026-08-03T00:32:26Z,7,DUT-A7,7.0,152.92,1
2026-08-03T00:32:26Z,8,DUT-A8,6.9962,140.15,1
2026-08-03T00:32:40Z,1,DUT-A1,6.9478,183.61,1
2026-08-03T00:32:40Z,2,DUT-A2,6.9499,149.71,1
2026-08-03T00:32:40Z,3,DUT-A3,6.5045,114.98,1
2026-08-03T00:32:40Z,4,DUT-A4,6.5036,169.81,1
2026-08-03T00:32:40Z,5,DUT-A5,6.976,173.85,1
2026-08-03T00:32:40Z,6,DUT-A6,6.9921,121.74,1
2026-08-03T00:32:40Z,7,DUT-A7,6.9999,129.73,1
2026-08-03T00:32:40Z,8,DUT-A8,6.9957,486.04,1
2026-08-03T00:32:55Z,1,DUT-A1,6.9482,167.31,1
2026-08-03T00:32:55Z,2,DUT-A2,6.9498,132.09,1
2026-08-03T00:32:55Z,3,DUT-A3,6.5044,116.04,1
2026-08-03T00:32:55Z,4,DUT-A4,6.5033,156.61,1
2026-08-03T00:32:55Z,5,DUT-A5,6.9755,902.63,1
2026-08-03T00:32:55Z,6,DUT-A6,6.9922,160.8,1
2026-08-03T00:32:55Z,7,DUT-A7,7.0002,124.72,1
2026-08-03T00:32:55Z,8,DUT-A8,6.9963,110.25,1
2026-08-03T00:33:09Z,1,DUT-A1,6.948,190.91,1
2026-08-03T00:33:09Z,2,DUT-A2,6.9491,877.79,1
2026-08-03T00:33:09Z,3,DUT-A3,6.5044,144.83,1
2026-08-03T00:33:09Z,4,DUT-A4,6.5033,191.58,1
2026-08-03T00:33:09Z,5,DUT-A5,6.9761,168.51,1
2026-08-03T00:33:09Z,6,DUT-A6,6.9922,120.65,1
2026-08-03T00:33:09Z,7,DUT-A7,7.0001,145.85,1
2026-08-03T00:33:09Z,8,DUT-A8,6.9961,135.91,1
2026-08-03T00:33:23Z,1,DUT-A1,6.9481,177.23,1
2026-08-03T00:33:23Z,2,DUT-A2,6.9493,552.57,1
2026-08-03T00:33:23Z,3,DUT-A3,6.5045,133.57,1
2026-08-03T00:33:23Z,4,DUT-A4,6.5034,147.35,1
2026-08-03T00:33:23Z,5,DUT-A5,6.9758,724.54,1
2026-08-03T00:33:23Z,6,DUT-A6,6.9921,113.53,1
2026-08-03T00:33:23Z,7,DUT-A7,7.0,123.09,1
2026-08-03T00:33:23Z,8,DUT-A8,6.996,132.29,1
2026-08-03T00:33:37Z,1,DUT-A1,6.9478,210.09,1
2026-08-03T00:33:37Z,2,DUT-A2,6.95,144.43,1
2026-08-03T00:33:37Z,3,DUT-A3,6.5044,149.87,1
2026-08-03T00:33:37Z,4,DUT-A4,6.5031,168.25,1
2026-08-03T00:33:37Z,5,DUT-A5,6.9759,195.64,1
2026-08-03T00:33:37Z,6,DUT-A6,6.9921,134.94,1
2026-08-03T00:33:37Z,7,DUT-A7,7.0001,125.99,1
2026-08-03T00:33:37Z,8,DUT-A8,6.9962,134.58,1
2026-08-03T00:33:51Z,1,DUT-A1,6.9476,197.86,1
2026-08-03T00:33:51Z,2,DUT-A2,6.9501,137.53,1
2026-08-03T00:33:51Z,3,DUT-A3,6.5042,146.82,1
2026-08-03T00:33:51Z,4,DUT-A4,6.5031,687.89,1
2026-08-03T00:33:51Z,5,DUT-A5,6.9761,160.68,1
2026-08-03T00:33:51Z,6,DUT-A6,6.9911,1343.41,1
2026-08-03T00:33:51Z,7,DUT-A7,6.9999,150.05,1
2026-08-03T00:33:51Z,8,DUT-A8,6.9961,136.67,1
2026-08-03T00:34:05Z,1,DUT-A1,6.9452,1482.54,1
2026-08-03T00:34:05Z,2,DUT-A2,6.9502,125.28,1
2026-08-03T00:34:05Z,3,DUT-A3,6.5041,780.95,1
2026-08-03T00:34:05Z,4,DUT-A4,6.5034,155.84,1
2026-08-03T00:34:05Z,5,DUT-A5,6.9761,193.18,1
2026-08-03T00:34:05Z,6,DUT-A6,6.9921,138.93,1
2026-08-03T00:34:05Z,7,DUT-A7,6.9998,152.21,1
2026-08-03T00:34:05Z,8,DUT-A8,6.996,131.07,1
2026-08-03T00:34:22Z,1,DUT-A1,6.948,180.38,1
2026-08-03T00:34:22Z,2,DUT-A2,6.9502,155.41,1
2026-08-03T00:34:22Z,3,DUT-A3,6.5045,170.67,1
2026-08-03T00:34:22Z,4,DUT-A4,6.5035,150.12,1
2026-08-03T00:34:22Z,5,DUT-A5,6.9761,362.42,1
2026-08-03T00:34:22Z,6,DUT-A6,6.9921,118.03,1
2026-08-03T00:34:22Z,7,DUT-A7,6.9999,175.02,1
2026-08-03T00:34:22Z,8,DUT-A8,6.996,135.85,1
2026-08-03T00:34:36Z,1,DUT-A1,6.9477,172.48,1
2026-08-03T00:34:36Z,2,DUT-A2,6.95,145.65,1
2026-08-03T00:34:36Z,3,DUT-A3,6.5043,153.05,1
2026-08-03T00:34:36Z,4,DUT-A4,6.5034,190.0,1
2026-08-03T00:34:36Z,5,DUT-A5,6.9755,837.3,1
2026-08-03T00:34:36Z,6,DUT-A6,6.992,117.37,1
2026-08-03T00:34:36Z,7,DUT-A7,6.9998,116.17,1
2026-08-03T00:34:36Z,8,DUT-A8,6.9962,120.72,1
2026-08-03T00:34:50Z,1,DUT-A1,6.9478,218.07,1
2026-08-03T00:34:50Z,2,DUT-A2,6.948,1371.28,1
2026-08-03T00:34:50Z,3,DUT-A3,6.5045,152.59,1
2026-08-03T00:34:50Z,4,DUT-A4,6.5033,174.54,1
2026-08-03T00:34:50Z,5,DUT-A5,6.976,187.68,1
2026-08-03T00:34:50Z,6,DUT-A6,6.9922,130.72,1
2026-08-03T00:34:50Z,7,DUT-A7,6.9998,141.25,1
2026-08-03T00:34:50Z,8,DUT-A8,6.9961,147.32,1
2026-08-03T00:35:04Z,1,DUT-A1,6.947,847.73,1
2026-08-03T00:35:04Z,2,DUT-A2,6.95,140.31,1
2026-08-03T00:35:04Z,3,DUT-A3,6.5044,149.18,1
2026-08-03T00:35:04Z,4,DUT-A4,6.5034,183.79,1
2026-08-03T00:35:04Z,5,DUT-A5,6.9759,200.48,1
2026-08-03T00:35:04Z,6,DUT-A6,6.9921,130.29,1
2026-08-03T00:35:04Z,7,DUT-A7,6.9999,138.81,1
2026-08-03T00:35:04Z,8,DUT-A8,6.9958,397.62,1
2026-08-03T00:35:17Z,1,DUT-A1,6.9479,181.33,1
2026-08-03T00:35:17Z,2,DUT-A2,6.9499,143.31,1
2026-08-03T00:35:17Z,3,DUT-A3,6.5044,136.11,1
2026-08-03T00:35:17Z,4,DUT-A4,6.503,925.19,1
2026-08-03T00:35:17Z,5,DUT-A5,6.976,203.58,1
2026-08-03T00:35:17Z,6,DUT-A6,6.9922,170.37,1
2026-08-03T00:35:17Z,7,DUT-A7,6.9994,594.0,1
2026-08-03T00:35:17Z,8,DUT-A8,6.9962,124.74,1
2026-08-03T00:35:31Z,1,DUT-A1,6.9478,190.23,1
2026-08-03T00:35:31Z,2,DUT-A2,6.9498,138.09,1
2026-08-03T00:35:31Z,3,DUT-A3,6.5043,144.68,1
2026-08-03T00:35:31Z,4,DUT-A4,6.5028,1840.06,1
2026-08-03T00:35:31Z,5,DUT-A5,6.976,152.69,1
2026-08-03T00:35:31Z,6,DUT-A6,6.9912,1096.22,1
2026-08-03T00:35:31Z,7,DUT-A7,6.9999,121.64,1
2026-08-03T00:35:31Z,8,DUT-A8,6.996,133.95,1
2026-08-03T00:35:45Z,1,DUT-A1,6.9466,834.96,1
2026-08-03T00:35:45Z,2,DUT-A2,6.95,141.3,1
2026-08-03T00:35:45Z,3,DUT-A3,6.5037,1093.5,1
2026-08-03T00:35:45Z,4,DUT-A4,6.5035,170.09,1
2026-08-03T00:35:45Z,5,DUT-A5,6.9761,177.94,1
2026-08-03T00:35:45Z,6,DUT-A6,6.9921,118.23,1
2026-08-03T00:35:45Z,7,DUT-A7,7.0,130.92,1
2026-08-03T00:35:45Z,8,DUT-A8,6.9958,134.86,1
2026-08-03T00:35:59Z,1,DUT-A1,6.948,175.81,1
2026-08-03T00:35:59Z,2,DUT-A2,6.95,133.08,1
2026-08-03T00:35:59Z,3,DUT-A3,6.5043,190.79,1
2026-08-03T00:35:59Z,4,DUT-A4,6.5034,185.34,1
2026-08-03T00:35:59Z,5,DUT-A5,6.9758,206.35,1
2026-08-03T00:35:59Z,6,DUT-A6,6.9919,140.43,1
2026-08-03T00:35:59Z,7,DUT-A7,6.9989,1008.07,1
2026-08-03T00:35:59Z,8,DUT-A8,6.9954,865.53,1
2026-08-03T00:36:13Z,1,DUT-A1,6.9479,176.27,1
2026-08-03T00:36:13Z,2,DUT-A2,6.95,141.88,1
2026-08-03T00:36:13Z,3,DUT-A3,6.5044,135.04,1
2026-08-03T00:36:13Z,4,DUT-A4,6.5033,167.36,1
2026-08-03T00:36:13Z,5,DUT-A5,6.9761,187.02,1
2026-08-03T00:36:13Z,6,DUT-A6,6.992,131.56,1
2026-08-03T00:36:13Z,7,DUT-A7,7.0001,122.94,1
2026-08-03T00:36:13Z,8,DUT-A8,6.996,152.97,1
2026-08-03T00:36:27Z,1,DUT-A1,6.9469,590.54,1
2026-08-03T00:36:27Z,2,DUT-A2,6.9499,142.09,1
2026-08-03T00:36:27Z,3,DUT-A3,6.5042,160.27,1
2026-08-03T00:36:27Z,4,DUT-A4,6.5032,179.44,1
2026-08-03T00:36:27Z,5,DUT-A5,6.9761,187.48,1
2026-08-03T00:36:27Z,6,DUT-A6,6.9921,142.06,1
2026-08-03T00:36:27Z,7,DUT-A7,6.9999,109.76,1
2026-08-03T00:36:27Z,8,DUT-A8,6.9961,130.51,1
2026-08-03T00:36:41Z,1,DUT-A1,6.9481,183.56,1
2026-08-03T00:36:41Z,2,DUT-A2,6.9501,111.82,1
2026-08-03T00:36:41Z,3,DUT-A3,6.5044,147.93,1
2026-08-03T00:36:41Z,4,DUT-A4,6.5032,149.74,1
2026-08-03T00:36:41Z,5,DUT-A5,6.9761,201.9,1
2026-08-03T00:36:41Z,6,DUT-A6,6.9922,111.52,1
2026-08-03T00:36:41Z,7,DUT-A7,6.9999,141.07,1
2026-08-03T00:36:41Z,8,DUT-A8,6.9959,112.99,1
2026-08-03T00:36:55Z,1,DUT-A1,6.9479,195.34,1
2026-08-03T00:36:55Z,2,DUT-A2,6.9499,135.55,1
2026-08-03T00:36:55Z,3,DUT-A3,6.5044,133.49,1
2026-08-03T00:36:55Z,4,DUT-A4,6.5033,168.1,1
2026-08-03T00:36:55Z,5,DUT-A5,6.9753,832.55,1
2026-08-03T00:36:55Z,6,DUT-A6,6.9922,131.91,1
2026-08-03T00:36:55Z,7,DUT-A7,7.0,111.87,1
2026-08-03T00:36:55Z,8,DUT-A8,6.9961,118.76,1
2026-08-03T00:37:09Z,1,DUT-A1,6.948,174.23,1
2026-08-03T00:37:09Z,2,DUT-A2,6.9489,836.23,1
2026-08-03T00:37:09Z,3,DUT-A3,6.5044,152.11,1
2026-08-03T00:37:09Z,4,DUT-A4,6.5034,129.98,1
2026-08-03T00:37:09Z,5,DUT-A5,6.9761,197.37,1
2026-08-03T00:37:09Z,6,DUT-A6,6.992,138.75,1
2026-08-03T00:37:09Z,7,DUT-A7,7.0,146.31,1
2026-08-03T00:37:09Z,8,DUT-A8,6.996,126.88,1
2026-08-03T00:37:23Z,1,DUT-A1,6.948,208.69,1
2026-08-03T00:37:23Z,2,DUT-A2,6.9496,415.6,1
2026-08-03T00:37:23Z,3,DUT-A3,6.5045,128.38,1
2026-08-03T00:37:23Z,4,DUT-A4,6.5033,156.25,1
2026-08-03T00:37:23Z,5,DUT-A5,6.9761,436.33,1
2026-08-03T00:37:23Z,6,DUT-A6,6.9921,127.54,1
2026-08-03T00:37:23Z,7,DUT-A7,6.9998,124.08,1
2026-08-03T00:37:23Z,8,DUT-A8,6.9959,148.22,1
2026-08-03T00:37:37Z,1,DUT-A1,6.9481,200.83,1
2026-08-03T00:37:37Z,2,DUT-A2,6.95,128.68,1
2026-08-03T00:37:37Z,3,DUT-A3,6.5045,131.84,1
2026-08-03T00:37:37Z,4,DUT-A4,6.5035,159.07,1
2026-08-03T00:37:37Z,5,DUT-A5,6.976,189.24,1
2026-08-03T00:37:37Z,6,DUT-A6,6.9921,129.04,1
2026-08-03T00:37:37Z,7,DUT-A7,7.0001,145.04,1
2026-08-03T00:37:37Z,8,DUT-A8,6.996,130.97,1
2026-08-03T00:37:51Z,1,DUT-A1,6.9479,165.86,1
2026-08-03T00:37:51Z,2,DUT-A2,6.9499,139.85,1
2026-08-03T00:37:51Z,3,DUT-A3,6.5044,135.22,1
2026-08-03T00:37:51Z,4,DUT-A4,6.503,871.25,1
2026-08-03T00:37:51Z,5,DUT-A5,6.9761,197.6,1
2026-08-03T00:37:51Z,6,DUT-A6,6.9917,719.07,1
2026-08-03T00:37:51Z,7,DUT-A7,6.9999,128.07,1
2026-08-03T00:37:51Z,8,DUT-A8,6.9961,144.07,1
2026-08-03T00:38:05Z,1,DUT-A1,6.9469,867.87,1
2026-08-03T00:38:05Z,2,DUT-A2,6.9501,126.5,1
2026-08-03T00:38:05Z,3,DUT-A3,6.5038,806.17,1
2026-08-03T00:38:05Z,4,DUT-A4,6.5032,163.5,1
2026-08-03T00:38:05Z,5,DUT-A5,6.976,147.4,1
2026-08-03T00:38:05Z,6,DUT-A6,6.9922,151.88,1
2026-08-03T00:38:05Z,7,DUT-A7,7.0001,151.29,1
2026-08-03T00:38:05Z,8,DUT-A8,6.9959,139.85,1
2026-08-03T00:38:20Z,1,DUT-A1,6.9482,172.58,1
2026-08-03T00:38:20Z,2,DUT-A2,6.9502,131.25,1
2026-08-03T00:38:20Z,3,DUT-A3,6.5043,134.18,1
2026-08-03T00:38:20Z,4,DUT-A4,6.5032,214.18,1
2026-08-03T00:38:20Z,5,DUT-A5,6.9761,159.1,1
2026-08-03T00:38:20Z,6,DUT-A6,6.9922,124.94,1
2026-08-03T00:38:20Z,7,DUT-A7,6.9996,304.92,1
2026-08-03T00:38:20Z,8,DUT-A8,6.9954,811.97,1
2026-08-03T00:38:34Z,1,DUT-A1,6.9472,826.98,1
2026-08-03T00:38:34Z,2,DUT-A2,6.9501,142.44,1
2026-08-03T00:38:34Z,3,DUT-A3,6.5045,139.75,1
2026-08-03T00:38:34Z,4,DUT-A4,6.5033,179.37,1
2026-08-03T00:38:34Z,5,DUT-A5,6.9761,183.92,1
2026-08-03T00:38:34Z,6,DUT-A6,6.9921,116.09,1
2026-08-03T00:38:34Z,7,DUT-A7,6.9999,119.02,1
2026-08-03T00:38:34Z,8,DUT-A8,6.9957,389.05,1
2026-08-03T00:38:48Z,1,DUT-A1,6.9479,173.98,1
2026-08-03T00:38:48Z,2,DUT-A2,6.9501,109.25,1
2026-08-03T00:38:48Z,3,DUT-A3,6.5043,121.36,1
2026-08-03T00:38:48Z,4,DUT-A4,6.5032,582.23,1
2026-08-03T00:38:48Z,5,DUT-A5,6.9762,197.32,1
2026-08-03T00:38:48Z,6,DUT-A6,6.9922,134.38,1
2026-08-03T00:38:48Z,7,DUT-A7,7.0,128.12,1
2026-08-03T00:38:48Z,8,DUT-A8,6.9961,135.5,1
2026-08-03T00:39:02Z,1,DUT-A1,6.948,176.6,1
2026-08-03T00:39:02Z,2,DUT-A2,6.95,127.69,1
2026-08-03T00:39:02Z,3,DUT-A3,6.5044,146.87,1
2026-08-03T00:39:02Z,4,DUT-A4,6.5034,179.55,1
2026-08-03T00:39:02Z,5,DUT-A5,6.9761,163.73,1
2026-08-03T00:39:02Z,6,DUT-A6,6.9919,255.28,1
2026-08-03T00:39:02Z,7,DUT-A7,6.9997,116.73,1
2026-08-03T00:39:02Z,8,DUT-A8,6.996,133.06,1
2026-08-03T00:39:16Z,1,DUT-A1,6.948,157.78,1
2026-08-03T00:39:16Z,2,DUT-A2,6.9502,125.66,1
2026-08-03T00:39:16Z,3,DUT-A3,6.504,586.98,1
2026-08-03T00:39:16Z,4,DUT-A4,6.5032,174.26,1
2026-08-03T00:39:16Z,5,DUT-A5,6.9755,824.97,1
2026-08-03T00:39:16Z,6,DUT-A6,6.9921,127.92,1
2026-08-03T00:39:16Z,7,DUT-A7,6.9999,132.17,1
2026-08-03T00:39:16Z,8,DUT-A8,6.9961,139.69,1
2026-08-03T00:39:33Z,1,DUT-A1,6.9478,199.33,1
2026-08-03T00:39:33Z,2,DUT-A2,6.9503,152.03,1
2026-08-03T00:39:33Z,3,DUT-A3,6.5045,153.02,1
2026-08-03T00:39:33Z,4,DUT-A4,6.503,814.26,1
2026-08-03T00:39:33Z,5,DUT-A5,6.9761,146.21,1
2026-08-03T00:39:33Z,6,DUT-A6,6.9919,121.51,1
2026-08-03T00:39:33Z,7,DUT-A7,6.9997,148.14,1
2026-08-03T00:39:33Z,8,DUT-A8,6.9956,443.14,1
2026-08-03T00:39:47Z,1,DUT-A1,6.948,180.31,1
2026-08-03T00:39:47Z,2,DUT-A2,6.9502,140.64,1
2026-08-03T00:39:47Z,3,DUT-A3,6.5044,360.31,1
2026-08-03T00:39:47Z,4,DUT-A4,6.5031,752.44,1
2026-08-03T00:39:47Z,5,DUT-A5,6.9761,171.03,1
2026-08-03T00:39:47Z,6,DUT-A6,6.9921,147.45,1
2026-08-03T00:39:47Z,7,DUT-A7,6.9996,126.42,1
2026-08-03T00:39:47Z,8,DUT-A8,6.9959,144.17,1
2026-08-03T00:40:01Z,1,DUT-A1,6.9479,153.28,1
2026-08-03T00:40:01Z,2,DUT-A2,6.9499,130.06,1
2026-08-03T00:40:01Z,3,DUT-A3,6.5044,159.12,1
2026-08-03T00:40:01Z,4,DUT-A4,6.5035,263.37,1
2026-08-03T00:40:01Z,5,DUT-A5,6.9753,909.91,1
2026-08-03T00:40:01Z,6,DUT-A6,6.9917,755.36,1
2026-08-03T00:40:01Z,7,DUT-A7,6.9998,170.77,1
2026-08-03T00:40:01Z,8,DUT-A8,6.996,120.44,1
2026-08-03T00:40:15Z,1,DUT-A1,6.9481,203.4,1
2026-08-03T00:40:15Z,2,DUT-A2,6.95,158.41,1
2026-08-03T00:40:15Z,3,DUT-A3,6.5044,157.57,1
2026-08-03T00:40:15Z,4,DUT-A4,6.5035,143.0,1
2026-08-03T00:40:15Z,5,DUT-A5,6.9755,784.58,1
2026-08-03T00:40:15Z,6,DUT-A6,6.992,132.42,1
2026-08-03T00:40:15Z,7,DUT-A7,7.0,150.55,1
2026-08-03T00:40:15Z,8,DUT-A8,6.9963,139.62,1
2026-08-03T00:40:29Z,1,DUT-A1,6.9478,192.31,1
2026-08-03T00:40:29Z,2,DUT-A2,6.9493,625.33,1
2026-08-03T00:40:29Z,3,DUT-A3,6.5045,118.26,1
2026-08-03T00:40:29Z,4,DUT-A4,6.5033,176.7,1
2026-08-03T00:40:29Z,5,DUT-A5,6.9757,159.25,1
2026-08-03T00:40:29Z,6,DUT-A6,6.9922,153.12,1
2026-08-03T00:40:29Z,7,DUT-A7,6.9997,740.28,1
2026-08-03T00:40:29Z,8,DUT-A8,6.9958,160.37,1
2026-08-03T00:40:42Z,1,DUT-A1,6.9481,159.66,1
2026-08-03T00:40:42Z,2,DUT-A2,6.9502,133.87,1
2026-08-03T00:40:42Z,3,DUT-A3,6.5043,150.53,1
2026-08-03T00:40:42Z,4,DUT-A4,6.5033,188.4,1
2026-08-03T00:40:42Z,5,DUT-A5,6.9758,140.2,1
2026-08-03T00:40:42Z,6,DUT-A6,6.9922,132.55,1
2026-08-03T00:40:42Z,7,DUT-A7,6.9999,149.89,1
2026-08-03T00:40:42Z,8,DUT-A8,6.9959,144.02,1
2026-08-03T00:40:56Z,1,DUT-A1,6.9477,438.72,1
2026-08-03T00:40:56Z,2,DUT-A2,6.9499,144.25,1
2026-08-03T00:40:56Z,3,DUT-A3,6.5044,158.64,1
2026-08-03T00:40:56Z,4,DUT-A4,6.5034,175.6,1
2026-08-03T00:40:56Z,5,DUT-A5,6.9751,925.04,1
2026-08-03T00:40:56Z,6,DUT-A6,6.9921,111.31,1
2026-08-03T00:40:56Z,7,DUT-A7,6.9999,111.62,1
2026-08-03T00:40:56Z,8,DUT-A8,6.9959,160.68,1
2026-08-03T00:41:10Z,1,DUT-A1,6.948,164.97,1
2026-08-03T00:41:10Z,2,DUT-A2,6.9486,802.46,1
2026-08-03T00:41:10Z,3,DUT-A3,6.5043,131.46,1
2026-08-03T00:41:10Z,4,DUT-A4,6.5034,161.51,1
2026-08-03T00:41:10Z,5,DUT-A5,6.9759,166.25,1
2026-08-03T00:41:10Z,6,DUT-A6,6.9915,739.65,1
2026-08-03T00:41:10Z,7,DUT-A7,6.9999,118.0,1
2026-08-03T00:41:10Z,8,DUT-A8,6.9959,135.73,1
2026-08-03T00:41:24Z,1,DUT-A1,6.947,901.49,1
2026-08-03T00:41:24Z,2,DUT-A2,6.9494,534.54,1
2026-08-03T00:41:24Z,3,DUT-A3,6.5041,724.74,1
2026-08-03T00:41:24Z,4,DUT-A4,6.5033,210.37,1
2026-08-03T00:41:24Z,5,DUT-A5,6.9759,176.65,1
2026-08-03T00:41:24Z,6,DUT-A6,6.9921,136.82,1
2026-08-03T00:41:24Z,7,DUT-A7,7.0,138.75,1
2026-08-03T00:41:24Z,8,DUT-A8,6.9961,104.68,1
2026-08-03T00:41:38Z,1,DUT-A1,6.948,169.32,1
2026-08-03T00:41:38Z,2,DUT-A2,6.9498,121.74,1
2026-08-03T00:41:38Z,3,DUT-A3,6.5043,141.55,1
2026-08-03T00:41:38Z,4,DUT-A4,6.5032,183.46,1
2026-08-03T00:41:38Z,5,DUT-A5,6.9759,175.55,1
2026-08-03T00:41:38Z,6,DUT-A6,6.9922,156.2,1
2026-08-03T00:41:38Z,7,DUT-A7,6.9993,814.46,1
2026-08-03T00:41:38Z,8,DUT-A8,6.9958,276.8,1
2026-08-03T00:41:52Z,1,DUT-A1,6.9482,192.01,1
2026-08-03T00:41:52Z,2,DUT-A2,6.9493,547.44,1
2026-08-03T00:41:52Z,3,DUT-A3,6.5045,153.25,1
2026-08-03T00:41:52Z,4,DUT-A4,6.503,949.81,1
2026-08-03T00:41:52Z,5,DUT-A5,6.9753,743.28,1
2026-08-03T00:41:52Z,6,DUT-A6,6.9918,422.26,1
2026-08-03T00:41:52Z,7,DUT-A7,6.9999,138.58,1
2026-08-03T00:41:52Z,8,DUT-A8,6.9959,126.14,1
2026-08-03T00:42:06Z,1,DUT-A1,6.9479,210.09,1
2026-08-03T00:42:06Z,2,DUT-A2,6.9499,146.38,1
2026-08-03T00:42:06Z,3,DUT-A3,6.5043,320.61,1
2026-08-03T00:42:06Z,4,DUT-A4,6.5033,173.82,1
2026-08-03T00:42:06Z,5,DUT-A5,6.9758,165.38,1
2026-08-03T00:42:06Z,6,DUT-A6,6.9921,147.76,1
2026-08-03T00:42:06Z,7,DUT-A7,6.9998,141.32,1
2026-08-03T00:42:06Z,8,DUT-A8,6.9961,134.53,1
2026-08-03T00:42:20Z,1,DUT-A1,6.9482,194.4,1
2026-08-03T00:42:20Z,2,DUT-A2,6.95,145.88,1
2026-08-03T00:42:20Z,3,DUT-A3,6.5043,120.57,1
2026-08-03T00:42:20Z,4,DUT-A4,6.5034,188.52,1
2026-08-03T00:42:20Z,5,DUT-A5,6.9758,162.53,1
2026-08-03T00:42:20Z,6,DUT-A6,6.992,131.94,1
2026-08-03T00:42:20Z,7,DUT-A7,7.0001,156.91,1
2026-08-03T00:42:20Z,8,DUT-A8,6.9953,759.56,1
2026-08-03T00:42:34Z,1,DUT-A1,6.9481,198.82,1
2026-08-03T00:42:34Z,2,DUT-A2,6.9499,156.53,1
2026-08-03T00:42:34Z,3,DUT-A3,6.5043,141.2,1
2026-08-03T00:42:34Z,4,DUT-A4,6.5031,171.54,1
2026-08-03T00:42:34Z,5,DUT-A5,6.9758,197.83,1
2026-08-03T00:42:34Z,6,DUT-A6,6.9921,123.44,1
2026-08-03T00:42:34Z,7,DUT-A7,6.9999,130.08,1
2026-08-03T00:42:34Z,8,DUT-A8,6.996,138.37,1
2026-08-03T00:42:48Z,1,DUT-A1,6.9482,174.59,1
2026-08-03T00:42:48Z,2,DUT-A2,6.9501,156.48,1
2026-08-03T00:42:48Z,3,DUT-A3,6.5044,141.6,1
2026-08-03T00:42:48Z,4,DUT-A4,6.5032,519.23,1
2026-08-03T00:42:48Z,5,DUT-A5,6.9758,199.18,1
2026-08-03T00:42:48Z,6,DUT-A6,6.9922,120.72,1
2026-08-03T00:42:48Z,7,DUT-A7,6.9999,130.23,1
2026-08-03T00:42:48Z,8,DUT-A8,6.9961,141.55,1
2026-08-03T00:43:02Z,1,DUT-A1,6.9481,160.75,1
2026-08-03T00:43:02Z,2,DUT-A2,6.9502,147.38,1
2026-08-03T00:43:02Z,3,DUT-A3,6.5045,137.56,1
2026-08-03T00:43:02Z,4,DUT-A4,6.5034,196.53,1
2026-08-03T00:43:02Z,5,DUT-A5,6.9759,181.02,1
2026-08-03T00:43:02Z,6,DUT-A6,6.9917,575.77,1
2026-08-03T00:43:02Z,7,DUT-A7,6.9998,120.01,1
2026-08-03T00:43:02Z,8,DUT-A8,6.9959,283.61,1
2026-08-03T00:43:16Z,1,DUT-A1,6.9481,175.35,1
2026-08-03T00:43:16Z,2,DUT-A2,6.95,146.0,1
2026-08-03T00:43:16Z,3,DUT-A3,6.5043,463.82,1
2026-08-03T00:43:16Z,4,DUT-A4,6.5035,183.77,1
2026-08-03T00:43:16Z,5,DUT-A5,6.9754,924.94,1
2026-08-03T00:43:16Z,6,DUT-A6,6.9922,119.86,1
2026-08-03T00:43:16Z,7,DUT-A7,6.9999,150.55,1
2026-08-03T00:43:16Z,8,DUT-A8,6.9961,140.28,1
2026-08-03T00:43:30Z,1,DUT-A1,6.9484,167.52,1
2026-08-03T00:43:30Z,2,DUT-A2,6.9485,726.85,1
2026-08-03T00:43:30Z,3,DUT-A3,6.5044,110.91,1
2026-08-03T00:43:30Z,4,DUT-A4,6.5033,164.52,1
2026-08-03T00:43:30Z,5,DUT-A5,6.9758,134.69,1
2026-08-03T00:43:30Z,6,DUT-A6,6.9919,526.43,1
2026-08-03T00:43:30Z,7,DUT-A7,6.9995,377.45,1
2026-08-03T00:43:30Z,8,DUT-A8,6.9962,153.66,1
2026-08-03T00:43:45Z,1,DUT-A1,6.946,1585.54,1
2026-08-03T00:43:45Z,2,DUT-A2,6.9499,146.43,1
2026-08-03T00:43:45Z,3,DUT-A3,6.504,870.39,1
2026-08-03T00:43:45Z,4,DUT-A4,6.5034,170.47,1
2026-08-03T00:43:45Z,5,DUT-A5,6.9759,156.07,1
2026-08-03T00:43:45Z,6,DUT-A6,6.9923,134.58,1
2026-08-03T00:43:45Z,7,DUT-A7,6.9997,161.54,1
2026-08-03T00:43:45Z,8,DUT-A8,6.996,147.88,1
2026-08-03T00:43:59Z,1,DUT-A1,6.9479,175.09,1
2026-08-03T00:43:59Z,2,DUT-A2,6.9498,111.85,1
2026-08-03T00:43:59Z,3,DUT-A3,6.5044,150.73,1
2026-08-03T00:43:59Z,4,DUT-A4,6.5034,179.06,1
2026-08-03T00:43:59Z,5,DUT-A5,6.9759,176.09,1
2026-08-03T00:43:59Z,6,DUT-A6,6.992,151.27,1
2026-08-03T00:43:59Z,7,DUT-A7,6.9984,1827.6,1
2026-08-03T00:43:59Z,8,DUT-A8,6.9953,763.73,1
2026-08-03T00:44:13Z,1,DUT-A1,6.9481,155.61,1
2026-08-03T00:44:13Z,2,DUT-A2,6.9497,155.41,1
2026-08-03T00:44:13Z,3,DUT-A3,6.5044,144.3,1
2026-08-03T00:44:13Z,4,DUT-A4,6.5031,933.33,1
2026-08-03T00:44:13Z,5,DUT-A5,6.9759,176.34,1
2026-08-03T00:44:13Z,6,DUT-A6,6.9918,167.97,1
2026-08-03T00:44:13Z,7,DUT-A7,6.9997,116.55,1
2026-08-03T00:44:13Z,8,DUT-A8,6.996,131.94,1
2026-08-03T00:44:27Z,1,DUT-A1,6.9476,510.23,1
2026-08-03T00:44:27Z,2,DUT-A2,6.9499,150.4,1
2026-08-03T00:44:27Z,3,DUT-A3,6.5043,148.75,1
2026-08-03T00:44:27Z,4,DUT-A4,6.5033,179.55,1
2026-08-03T00:44:27Z,5,DUT-A5,6.9759,170.21,1
2026-08-03T00:44:27Z,6,DUT-A6,6.9919,128.43,1
2026-08-03T00:44:27Z,7,DUT-A7,6.9998,158.23,1
2026-08-03T00:44:27Z,8,DUT-A8,6.996,148.62,1
